{"bench": "worldview", "world": "B", "mechanism": "replay_accept", "convention": "normalized", "layout_seed": 42, "layout_idx": 0, "seed": 0, "t_phase1": 600, "t_phase2": 1400, "plateau": 1.0032842882354567, "final_surprise": 0.9845318586486326, "drop": 0.018752429586824104, "alarm_events": 3, "growth_accepted": 0, "growth_reverted": 3, "final_ceiling_events": 197, "phase1_ceiling_events": 221, "final_comps_per_color": [1, 1, 1], "true_K_per_color": [8, 8, 9], "comps_used": 3, "comps_needed": 25, "loc_median_final500_p2": 0.0669818954514084, "loc_median_final500_p1": 0.051942521088130834, "n_attempts": 3, "attempt_records": [{"color": 0, "K_chosen": 4, "nll_by_k": {"2": {"nll": 3.1691101917719013, "score": 3.2691101917719014}, "3": {"nll": 3.0836940309368295, "score": 3.2336940309368294}, "4": {"nll": 2.999566501538901, "score": 3.199566501538901}}, "pre_jump_mean": 1.0813190020135819, "probation_mean": null, "delta": -0.049494030744258954, "kept": false}, {"color": 1, "K_chosen": 4, "nll_by_k": {"2": {"nll": 3.1454070617964307, "score": 3.245407061796431}, "3": {"nll": 3.068076682889217, "score": 3.218076682889217}, "4": {"nll": 3.0011044914988076, "score": 3.201104491498808}}, "pre_jump_mean": 1.0192224517776638, "probation_mean": null, "delta": -0.11886812430285776, "kept": false}, {"color": 2, "K_chosen": 2, "nll_by_k": {"2": {"nll": 3.0548026497636434, "score": 3.1548026497636434}, "3": {"nll": 3.0059164514647136, "score": 3.1559164514647136}, "4": {"nll": 2.9656260908285477, "score": 3.165626090828548}}, "pre_jump_mean": 0.6540997565293908, "probation_mean": null, "delta": -0.04041064841516473, "kept": false}]}
{"bench": "worldview", "world": "B", "mechanism": "replay_accept", "convention": "normalized", "layout_seed": 42, "layout_idx": 0, "seed": 1, "t_phase1": 600, "t_phase2": 1400, "plateau": 1.0214721609507784, "final_surprise": 0.9650127793495319, "drop": 0.05645938160124653, "alarm_events": 3, "growth_accepted": 0, "growth_reverted": 3, "final_ceiling_events": 181, "phase1_ceiling_events": 203, "final_comps_per_color": [1, 1, 1], "true_K_per_color": [8, 8, 9], "comps_used": 3, "comps_needed": 25, "loc_median_final500_p2": 0.05448310784967238, "loc_median_final500_p1": 0.051889959451895784, "n_attempts": 3, "attempt_records": [{"color": 0, "K_chosen": 4, "nll_by_k": {"2": {"nll": 3.4789160359277966, "score": 3.5789160359277967}, "3": {"nll": 2.864454238869659, "score": 3.014454238869659}, "4": {"nll": 2.673409473539913, "score": 2.873409473539913}}, "pre_jump_mean": 0.9995692493184987, "probation_mean": null, "delta": -0.03927277042548072, "kept": false}, {"color": 1, "K_chosen": 3, "nll_by_k": {"2": {"nll": 3.139706111467975, "score": 3.2397061114679753}, "3": {"nll": 3.0546329897600333, "score": 3.204632989760033}, "4": {"nll": 3.0112784539912703, "score": 3.2112784539912704}}, "pre_jump_mean": 0.958656498196533, "probation_mean": null, "delta": -0.05167377227920289, "kept": false}, {"color": 2, "K_chosen": 3, "nll_by_k": {"2": {"nll": 2.7519032365389338, "score": 2.851903236538934}, "3": {"nll": 1.801212901868742, "score": 1.9512129018687419}, "4": {"nll": 2.5309801922252873, "score": 2.7309801922252874}}, "pre_jump_mean": 0.8617080104530995, "probation_mean": null, "delta": -0.110788783762231, "kept": false}]}
