{"bench": "worldview", "world": "C", "mechanism": "grow", "convention": "normalized", "layout_seed": 7, "layout_idx": 0, "seed": 0, "t_phase1": 600, "t_phase2": 1400, "plateau": 1.210407118324294, "final_surprise": 0.26794333657931013, "drop": 0.9424637817449838, "alarm_events": 2, "growth_accepted": 2, "growth_reverted": 0, "final_ceiling_events": 0, "phase1_ceiling_events": 143, "final_comps_per_color": [4, 1, 4, 1], "loc_median_final500_p2": 0.03497479756853182, "loc_median_final500_p1": 0.051692230301848434, "n_attempts": 2, "attempt_records": [{"color": 0, "K_chosen": 4, "nll_by_k": {"2": {"nll": 2.0533366851951067, "score": 2.153336685195107}, "3": {"nll": -0.7320872592585839, "score": -0.5820872592585838}, "4": {"nll": -1.5479269127987012, "score": -1.3479269127987012}}, "pre_jump_mean": 1.2750441801933063, "probation_mean": 0.04547734884015787, "delta": 1.2295668313531485, "kept": true}, {"color": 2, "K_chosen": 4, "nll_by_k": {"2": {"nll": 1.1890522445216416, "score": 1.2890522445216417}, "3": {"nll": -0.6667485719094519, "score": -0.5167485719094519}, "4": {"nll": -2.1103627714228255, "score": -1.9103627714228255}}, "pre_jump_mean": 0.9758810258025886, "probation_mean": 0.009444680129941882, "delta": 0.9664363456726467, "kept": true}]}
{"bench": "worldview", "world": "C", "mechanism": "grow", "convention": "normalized", "layout_seed": 7, "layout_idx": 0, "seed": 1, "t_phase1": 600, "t_phase2": 1400, "plateau": 1.2247302537377873, "final_surprise": 0.2435558010892845, "drop": 0.9811744526485028, "alarm_events": 2, "growth_accepted": 2, "growth_reverted": 0, "final_ceiling_events": 0, "phase1_ceiling_events": 251, "final_comps_per_color": [4, 4, 1, 1], "loc_median_final500_p2": 0.0374970904969649, "loc_median_final500_p1": 0.05008842567489479, "n_attempts": 2, "attempt_records": [{"color": 0, "K_chosen": 4, "nll_by_k": {"2": {"nll": 1.4070391245589087, "score": 1.5070391245589088}, "3": {"nll": -0.9741157149825532, "score": -0.8241157149825532}, "4": {"nll": -1.668044853988557, "score": -1.468044853988557}}, "pre_jump_mean": 1.3016471855104077, "probation_mean": 0.04320023747823083, "delta": 1.258446948032177, "kept": true}, {"color": 1, "K_chosen": 4, "nll_by_k": {"2": {"nll": 1.2829355990612414, "score": 1.3829355990612415}, "3": {"nll": -1.3046849413473434, "score": -1.1546849413473432}, "4": {"nll": -2.051842946389812, "score": -1.851842946389812}}, "pre_jump_mean": 0.8704141404227248, "probation_mean": 0.006245580433021468, "delta": 0.8641685599897033, "kept": true}]}
