{"bench": "worldview", "world": "A", "mechanism": "grow", "convention": "normalized", "layout_seed": 42, "layout_idx": 0, "seed": 0, "t_phase1": 600, "t_phase2": 1400, "plateau": 0.590964834278833, "final_surprise": 0.39385826750066283, "drop": 0.19710656677817012, "alarm_events": 2, "growth_accepted": 2, "growth_reverted": 0, "final_ceiling_events": 0, "phase1_ceiling_events": 3, "final_comps_per_color": [4, 3, 1], "loc_median_final500_p2": 0.05677509731342041, "loc_median_final500_p1": 0.05199708561376798, "n_attempts": 2, "attempt_records": [{"color": 0, "K_chosen": 4, "nll_by_k": {"2": {"nll": 2.7141953369993037, "score": 2.814195336999304}, "3": {"nll": 2.581072606413588, "score": 2.731072606413588}, "4": {"nll": 1.1955937320745718, "score": 1.3955937320745717}}, "pre_jump_mean": 0.7562513680550769, "probation_mean": 0.476430453919096, "delta": 0.27982091413598087, "kept": true}, {"color": 1, "K_chosen": 3, "nll_by_k": {"2": {"nll": 2.851005228997728, "score": 2.951005228997728}, "3": {"nll": 2.766295843129837, "score": 2.916295843129837}, "4": {"nll": 2.749462916920555, "score": 2.949462916920555}}, "pre_jump_mean": 0.8161178627054827, "probation_mean": 0.5725141013628089, "delta": 0.2436037613426738, "kept": true}]}
{"bench": "worldview", "world": "A", "mechanism": "grow", "convention": "normalized", "layout_seed": 42, "layout_idx": 0, "seed": 1, "t_phase1": 600, "t_phase2": 1400, "plateau": 0.6973104131240365, "final_surprise": 0.2638626582968838, "drop": 0.4334477548271527, "alarm_events": 2, "growth_accepted": 2, "growth_reverted": 0, "final_ceiling_events": 0, "phase1_ceiling_events": 89, "final_comps_per_color": [4, 4, 1], "loc_median_final500_p2": 0.04683402582939815, "loc_median_final500_p1": 0.05333781942476212, "n_attempts": 2, "attempt_records": [{"color": 0, "K_chosen": 4, "nll_by_k": {"2": {"nll": 2.8519653672842336, "score": 2.9519653672842336}, "3": {"nll": 2.7161362679600383, "score": 2.866136267960038}, "4": {"nll": 1.383130896285284, "score": 1.583130896285284}}, "pre_jump_mean": 0.7164657218336472, "probation_mean": 0.5465313386381548, "delta": 0.16993438319549237, "kept": true}, {"color": 1, "K_chosen": 4, "nll_by_k": {"2": {"nll": 2.8349196826311, "score": 2.9349196826311}, "3": {"nll": 2.771863121356791, "score": 2.921863121356791}, "4": {"nll": 2.258947532679239, "score": 2.458947532679239}}, "pre_jump_mean": 0.7158266830470825, "probation_mean": 0.5107621502400053, "delta": 0.20506453280707726, "kept": true}]}
