{"bench": "worldview", "world": "C", "mechanism": "replay_accept", "convention": "normalized", "layout_seed": 7, "layout_idx": 0, "seed": 0, "t_phase1": 600, "t_phase2": 1400, "plateau": 1.210407118324294, "final_surprise": 0.3508759422406583, "drop": 0.8595311760836356, "alarm_events": 3, "growth_accepted": 2, "growth_reverted": 1, "final_ceiling_events": 0, "phase1_ceiling_events": 143, "final_comps_per_color": [1, 4, 4, 1], "true_K_per_color": [4, 4, 4, 4], "comps_used": 10, "comps_needed": 16, "loc_median_final500_p2": 0.040070941345253804, "loc_median_final500_p1": 0.051692230301848434, "n_attempts": 3, "attempt_records": [{"color": 0, "K_chosen": 4, "nll_by_k": {"2": {"nll": 2.0533366851951067, "score": 2.153336685195107}, "3": {"nll": -0.7320872592585839, "score": -0.5820872592585838}, "4": {"nll": -1.5479269127987012, "score": -1.3479269127987012}}, "pre_jump_mean": 1.2750441801933063, "probation_mean": null, "delta": -0.09253850866751123, "kept": false}, {"color": 1, "K_chosen": 4, "nll_by_k": {"2": {"nll": 1.2617675949953198, "score": 1.3617675949953199}, "3": {"nll": -1.2599112705357667, "score": -1.1099112705357665}, "4": {"nll": -2.0595555569201607, "score": -1.8595555569201607}}, "pre_jump_mean": 1.1538052067430138, "probation_mean": null, "delta": 0.12018894013294412, "kept": true}, {"color": 2, "K_chosen": 4, "nll_by_k": {"2": {"nll": 1.1824125088112405, "score": 1.2824125088112406}, "3": {"nll": -0.6090370654136983, "score": -0.45903706541369826}, "4": {"nll": -2.011292617775398, "score": -1.811292617775398}}, "pre_jump_mean": 1.0235031004636916, "probation_mean": null, "delta": 0.29797864276905617, "kept": true}]}
{"bench": "worldview", "world": "C", "mechanism": "replay_accept", "convention": "normalized", "layout_seed": 7, "layout_idx": 0, "seed": 1, "t_phase1": 600, "t_phase2": 1400, "plateau": 1.2247302537377873, "final_surprise": 0.00485931911259627, "drop": 1.219870934625191, "alarm_events": 4, "growth_accepted": 3, "growth_reverted": 1, "final_ceiling_events": 0, "phase1_ceiling_events": 251, "final_comps_per_color": [1, 4, 4, 4], "true_K_per_color": [4, 4, 4, 4], "comps_used": 13, "comps_needed": 16, "loc_median_final500_p2": 0.036743974288230424, "loc_median_final500_p1": 0.05008842567489479, "n_attempts": 4, "attempt_records": [{"color": 0, "K_chosen": 4, "nll_by_k": {"2": {"nll": 1.4070391245589087, "score": 1.5070391245589088}, "3": {"nll": -0.9741157149825532, "score": -0.8241157149825532}, "4": {"nll": -1.668044853988557, "score": -1.468044853988557}}, "pre_jump_mean": 1.3016471855104077, "probation_mean": null, "delta": -0.03183216234576047, "kept": false}, {"color": 1, "K_chosen": 4, "nll_by_k": {"2": {"nll": 1.1611122811814931, "score": 1.2611122811814932}, "3": {"nll": -1.149921344628556, "score": -0.9999213446285561}, "4": {"nll": -1.9330067772252792, "score": -1.7330067772252793}}, "pre_jump_mean": 1.0818700867019198, "probation_mean": null, "delta": 0.12467851274595843, "kept": true}, {"color": 2, "K_chosen": 4, "nll_by_k": {"2": {"nll": 1.0491979179581747, "score": 1.1491979179581748}, "3": {"nll": -0.6094161998722961, "score": -0.4594161998722961}, "4": {"nll": -2.1071075748099695, "score": -1.9071075748099695}}, "pre_jump_mean": 0.9894298909983469, "probation_mean": null, "delta": 0.2518727787031182, "kept": true}, {"color": 3, "K_chosen": 4, "nll_by_k": {"2": {"nll": 1.0619700915162902, "score": 1.1619700915162903}, "3": {"nll": -0.9942713282139993, "score": -0.8442713282139993}, "4": {"nll": -1.8627986276180981, "score": -1.6627986276180982}}, "pre_jump_mean": 0.6722702478629773, "probation_mean": null, "delta": 0.17402280496156874, "kept": true}]}
