{"bench": "worldview", "world": "B", "mechanism": "grow", "convention": "normalized", "layout_seed": 42, "layout_idx": 0, "seed": 0, "t_phase1": 600, "t_phase2": 1400, "plateau": 1.0032842882354567, "final_surprise": 1.0196455791463068, "drop": -0.016361290910850146, "alarm_events": 3, "growth_accepted": 2, "growth_reverted": 1, "final_ceiling_events": 137, "phase1_ceiling_events": 221, "final_comps_per_color": [4, 3, 1], "loc_median_final500_p2": 0.05899812303118539, "loc_median_final500_p1": 0.051942521088130834, "n_attempts": 3, "attempt_records": [{"color": 0, "K_chosen": 4, "nll_by_k": {"2": {"nll": 3.1691101917719013, "score": 3.2691101917719014}, "3": {"nll": 3.0836940309368295, "score": 3.2336940309368294}, "4": {"nll": 2.999566501538901, "score": 3.199566501538901}}, "pre_jump_mean": 1.0813190020135819, "probation_mean": 0.9697716718590079, "delta": 0.11154733015457396, "kept": true}, {"color": 1, "K_chosen": 3, "nll_by_k": {"2": {"nll": 3.432890137185054, "score": 3.532890137185054}, "3": {"nll": 3.2052457351970753, "score": 3.3552457351970753}, "4": {"nll": 3.178679272985964, "score": 3.378679272985964}}, "pre_jump_mean": 1.3418854917016887, "probation_mean": 1.0250971613223416, "delta": 0.31678833037934706, "kept": true}, {"color": 2, "K_chosen": 4, "nll_by_k": {"2": {"nll": 2.9668148098589926, "score": 3.0668148098589927}, "3": {"nll": 2.9378816652020494, "score": 3.0878816652020493}, "4": {"nll": 2.312828051385749, "score": 2.5128280513857493}}, "pre_jump_mean": 1.067146024571829, "probation_mean": 0.8070157197549817, "delta": NaN, "kept": false}]}
{"bench": "worldview", "world": "B", "mechanism": "grow", "convention": "normalized", "layout_seed": 42, "layout_idx": 0, "seed": 1, "t_phase1": 600, "t_phase2": 1400, "plateau": 1.0214721609507784, "final_surprise": 1.410723250930036, "drop": -0.3892510899792576, "alarm_events": 3, "growth_accepted": 1, "growth_reverted": 2, "final_ceiling_events": 24, "phase1_ceiling_events": 203, "final_comps_per_color": [1, 3, 1], "loc_median_final500_p2": 0.053746563357499735, "loc_median_final500_p1": 0.051889959451895784, "n_attempts": 3, "attempt_records": [{"color": 0, "K_chosen": 4, "nll_by_k": {"2": {"nll": 3.4789160359277966, "score": 3.5789160359277967}, "3": {"nll": 2.864454238869659, "score": 3.014454238869659}, "4": {"nll": 2.673409473539913, "score": 2.873409473539913}}, "pre_jump_mean": 0.9995692493184987, "probation_mean": 1.1540595489877055, "delta": -0.1544902996692068, "kept": false}, {"color": 1, "K_chosen": 3, "nll_by_k": {"2": {"nll": 3.298631239447811, "score": 3.398631239447811}, "3": {"nll": 2.8391104218491408, "score": 2.9891104218491407}, "4": {"nll": 2.8236247361251827, "score": 3.023624736125183}}, "pre_jump_mean": 1.4816600277188814, "probation_mean": 0.9176173253268032, "delta": 0.5640427023920782, "kept": true}, {"color": 2, "K_chosen": 3, "nll_by_k": {"2": {"nll": 2.860225531527484, "score": 2.960225531527484}, "3": {"nll": 2.649430188489749, "score": 2.799430188489749}, "4": {"nll": 2.602667876066875, "score": 2.802667876066875}}, "pre_jump_mean": 0.9801658760264577, "probation_mean": 1.1689233566284878, "delta": NaN, "kept": false}]}
