{"bench": "worldview", "world": "D", "mechanism": "grow", "convention": "normalized", "layout_seed": 17, "layout_idx": 0, "seed": 0, "t_phase1": 600, "t_phase2": 1400, "plateau": 0.6389239085596887, "final_surprise": 1.4675140770117165, "drop": -0.8285901684520278, "alarm_events": 3, "growth_accepted": 1, "growth_reverted": 2, "final_ceiling_events": 74, "phase1_ceiling_events": 0, "final_comps_per_color": [4, 1, 1], "loc_median_final500_p2": 0.057126206172632754, "loc_median_final500_p1": 0.06149742296105505, "n_attempts": 3, "attempt_records": [{"color": 0, "K_chosen": 4, "nll_by_k": {"2": {"nll": 2.752847628162284, "score": 2.852847628162284}, "3": {"nll": 2.433588563458483, "score": 2.5835885634584828}, "4": {"nll": 0.8715235075207972, "score": 1.0715235075207972}}, "pre_jump_mean": 0.7809861294465177, "probation_mean": 0.30108169491729975, "delta": 0.47990443452921794, "kept": true}, {"color": 1, "K_chosen": 4, "nll_by_k": {"2": {"nll": 2.790876295453808, "score": 2.890876295453808}, "3": {"nll": 2.6936069676116197, "score": 2.8436069676116196}, "4": {"nll": 1.3825943092869244, "score": 1.5825943092869244}}, "pre_jump_mean": 1.3405446949953481, "probation_mean": 1.8310294597373353, "delta": -0.4904847647419872, "kept": false}, {"color": 2, "K_chosen": 3, "nll_by_k": {"2": {"nll": 3.013022764187873, "score": 3.113022764187873}, "3": {"nll": 2.554200307811071, "score": 2.704200307811071}, "4": {"nll": 2.6153159289457952, "score": 2.8153159289457954}}, "pre_jump_mean": 4.463945551056775, "probation_mean": 1.1741394036179722, "delta": NaN, "kept": false}]}
{"bench": "worldview", "world": "D", "mechanism": "grow", "convention": "normalized", "layout_seed": 17, "layout_idx": 0, "seed": 1, "t_phase1": 600, "t_phase2": 1400, "plateau": 0.6320355155612313, "final_surprise": 0.8932004155875016, "drop": -0.26116490002627035, "alarm_events": 3, "growth_accepted": 1, "growth_reverted": 2, "final_ceiling_events": 45, "phase1_ceiling_events": 60, "final_comps_per_color": [1, 3, 1], "loc_median_final500_p2": 0.047601822761747445, "loc_median_final500_p1": 0.05850863360061059, "n_attempts": 3, "attempt_records": [{"color": 1, "K_chosen": 3, "nll_by_k": {"2": {"nll": 2.85469017336129, "score": 2.95469017336129}, "3": {"nll": 2.7485432868197086, "score": 2.8985432868197085}, "4": {"nll": 2.7397895867715936, "score": 2.9397895867715937}}, "pre_jump_mean": 0.8219070338775766, "probation_mean": 0.6043996287611935, "delta": 0.2175074051163831, "kept": true}, {"color": 0, "K_chosen": 4, "nll_by_k": {"2": {"nll": 2.699406952690818, "score": 2.799406952690818}, "3": {"nll": 2.6750165646238617, "score": 2.8250165646238616}, "4": {"nll": 1.9384061179386363, "score": 2.1384061179386364}}, "pre_jump_mean": 0.9589638327793208, "probation_mean": 1.5943908471890271, "delta": -0.6354270144097063, "kept": false}, {"color": 2, "K_chosen": 4, "nll_by_k": {"2": {"nll": 3.151336857777383, "score": 3.251336857777383}, "3": {"nll": 2.9034004917419134, "score": 3.0534004917419133}, "4": {"nll": 2.5800432726140174, "score": 2.7800432726140176}}, "pre_jump_mean": 2.7354876170883284, "probation_mean": 0.605751134574102, "delta": NaN, "kept": false}]}
