{"bench": "worldview", "world": "C", "mechanism": "random_accept", "convention": "normalized", "layout_seed": 7, "layout_idx": 0, "seed": 0, "t_phase1": 600, "t_phase2": 1400, "plateau": 1.210407118324294, "final_surprise": 0.3155760571493001, "drop": 0.8948310611749939, "alarm_events": 2, "growth_accepted": 2, "growth_reverted": 0, "final_ceiling_events": 0, "phase1_ceiling_events": 143, "final_comps_per_color": [4, 4, 1, 1], "true_K_per_color": [4, 4, 4, 4], "comps_used": 10, "comps_needed": 16, "loc_median_final500_p2": 0.03539316201939108, "loc_median_final500_p1": 0.051692230301848434, "n_attempts": 2, "attempt_records": [{"color": 0, "K_chosen": 4, "nll_by_k": {"2": {"nll": 2.0533366851951067, "score": 2.153336685195107}, "3": {"nll": -0.7320872592585839, "score": -0.5820872592585838}, "4": {"nll": -1.5479269127987012, "score": -1.3479269127987012}}, "pre_jump_mean": 1.2750441801933063, "probation_mean": NaN, "delta": NaN, "kept": true}, {"color": 1, "K_chosen": 4, "nll_by_k": {"2": {"nll": 1.254506514529873, "score": 1.3545065145298731}, "3": {"nll": -1.317460759851584, "score": -1.167460759851584}, "4": {"nll": -2.118713369490823, "score": -1.918713369490823}}, "pre_jump_mean": 1.0284935821167105, "probation_mean": NaN, "delta": NaN, "kept": true}]}
{"bench": "worldview", "world": "C", "mechanism": "random_accept", "convention": "normalized", "layout_seed": 7, "layout_idx": 0, "seed": 1, "t_phase1": 600, "t_phase2": 1400, "plateau": 1.2247302537377873, "final_surprise": 0.21335517278447827, "drop": 1.011375080953309, "alarm_events": 3, "growth_accepted": 2, "growth_reverted": 1, "final_ceiling_events": 0, "phase1_ceiling_events": 251, "final_comps_per_color": [4, 1, 4, 1], "true_K_per_color": [4, 4, 4, 4], "comps_used": 10, "comps_needed": 16, "loc_median_final500_p2": 0.03703731386171319, "loc_median_final500_p1": 0.05008842567489479, "n_attempts": 3, "attempt_records": [{"color": 0, "K_chosen": 4, "nll_by_k": {"2": {"nll": 1.4070391245589087, "score": 1.5070391245589088}, "3": {"nll": -0.9741157149825532, "score": -0.8241157149825532}, "4": {"nll": -1.668044853988557, "score": -1.468044853988557}}, "pre_jump_mean": 1.3016471855104077, "probation_mean": NaN, "delta": NaN, "kept": true}, {"color": 1, "K_chosen": 4, "nll_by_k": {"2": {"nll": 1.1445871392827525, "score": 1.2445871392827526}, "3": {"nll": -1.1926364728658057, "score": -1.0426364728658055}, "4": {"nll": -1.9916497839741794, "score": -1.7916497839741794}}, "pre_jump_mean": 0.9455248554404572, "probation_mean": NaN, "delta": NaN, "kept": false}, {"color": 2, "K_chosen": 4, "nll_by_k": {"2": {"nll": 1.0236094495390424, "score": 1.1236094495390425}, "3": {"nll": -0.6975326926941656, "score": -0.5475326926941656}, "4": {"nll": -2.204336260018981, "score": -2.004336260018981}}, "pre_jump_mean": 0.9721092769105151, "probation_mean": NaN, "delta": NaN, "kept": true}]}
