{"bench": "worldview", "world": "B", "mechanism": "random_accept", "convention": "normalized", "layout_seed": 42, "layout_idx": 0, "seed": 0, "t_phase1": 600, "t_phase2": 1400, "plateau": 1.0032842882354567, "final_surprise": 1.0100799338574995, "drop": -0.006795645622042823, "alarm_events": 3, "growth_accepted": 1, "growth_reverted": 2, "final_ceiling_events": 141, "phase1_ceiling_events": 221, "final_comps_per_color": [4, 1, 1], "true_K_per_color": [8, 8, 9], "comps_used": 6, "comps_needed": 25, "loc_median_final500_p2": 0.06780194953979368, "loc_median_final500_p1": 0.051942521088130834, "n_attempts": 3, "attempt_records": [{"color": 0, "K_chosen": 4, "nll_by_k": {"2": {"nll": 3.1691101917719013, "score": 3.2691101917719014}, "3": {"nll": 3.0836940309368295, "score": 3.2336940309368294}, "4": {"nll": 2.999566501538901, "score": 3.199566501538901}}, "pre_jump_mean": 1.0813190020135819, "probation_mean": NaN, "delta": NaN, "kept": true}, {"color": 1, "K_chosen": 4, "nll_by_k": {"2": {"nll": 3.1437407463401112, "score": 3.2437407463401113}, "3": {"nll": 3.0563520687876435, "score": 3.2063520687876435}, "4": {"nll": 2.999482199510195, "score": 3.199482199510195}}, "pre_jump_mean": 1.1522055743359656, "probation_mean": NaN, "delta": NaN, "kept": false}, {"color": 2, "K_chosen": 2, "nll_by_k": {"2": {"nll": 3.036848462828834, "score": 3.136848462828834}, "3": {"nll": 3.030104533942976, "score": 3.180104533942976}, "4": {"nll": 2.9737596198178875, "score": 3.1737596198178877}}, "pre_jump_mean": 0.6787741925633519, "probation_mean": NaN, "delta": NaN, "kept": false}]}
{"bench": "worldview", "world": "B", "mechanism": "random_accept", "convention": "normalized", "layout_seed": 42, "layout_idx": 0, "seed": 1, "t_phase1": 600, "t_phase2": 1400, "plateau": 1.0214721609507784, "final_surprise": 1.1363864496804292, "drop": -0.11491428872965082, "alarm_events": 3, "growth_accepted": 2, "growth_reverted": 1, "final_ceiling_events": 168, "phase1_ceiling_events": 203, "final_comps_per_color": [4, 3, 1], "true_K_per_color": [8, 8, 9], "comps_used": 8, "comps_needed": 25, "loc_median_final500_p2": 0.05274043816545074, "loc_median_final500_p1": 0.051889959451895784, "n_attempts": 3, "attempt_records": [{"color": 0, "K_chosen": 4, "nll_by_k": {"2": {"nll": 3.4789160359277966, "score": 3.5789160359277967}, "3": {"nll": 2.864454238869659, "score": 3.014454238869659}, "4": {"nll": 2.673409473539913, "score": 2.873409473539913}}, "pre_jump_mean": 0.9995692493184987, "probation_mean": NaN, "delta": NaN, "kept": true}, {"color": 1, "K_chosen": 3, "nll_by_k": {"2": {"nll": 3.122686537958281, "score": 3.222686537958281}, "3": {"nll": 3.0447917055773233, "score": 3.194791705577323}, "4": {"nll": 3.002887314304438, "score": 3.202887314304438}}, "pre_jump_mean": 1.1342449623742725, "probation_mean": NaN, "delta": NaN, "kept": true}, {"color": 2, "K_chosen": 4, "nll_by_k": {"2": {"nll": 2.848311741062673, "score": 2.948311741062673}, "3": {"nll": 2.665506055981875, "score": 2.8155060559818748}, "4": {"nll": 2.460172129114688, "score": 2.660172129114688}}, "pre_jump_mean": 0.7358904075361897, "probation_mean": NaN, "delta": NaN, "kept": false}]}
