{
  "experiment": "exp204",
  "audit_seeds": [
    50,
    51,
    52,
    53,
    54,
    55,
    56,
    57
  ],
  "evo_seeds": [
    70,
    71,
    72,
    73,
    74
  ],
  "verdict": "MIXED / NO_VERDICT (RESIDUE_COMPETE under-represented: <4/5 valid seeds \u2014 L21; metric not licensed)",
  "token": "MIXED",
  "gates": {
    "pw_015_won": "2/8",
    "pw_015_auc": 0.344,
    "pw_nr_won": "4/8",
    "pw_clr_won": "4/8",
    "pw_nos_won": "1/8",
    "diff_easy_won": "3/8",
    "diff_hard_won": "5/8",
    "h_star_N_RC": 0.6,
    "gift_real": true,
    "gift_B": 0.0008,
    "evo_RC_mean_h": 0.07,
    "evo_RC_functional": "0/5",
    "evo_NR_mean_h": 0.0305,
    "evo_RNC_mean_h": 0.0613,
    "fp_lo_h": 0.881,
    "fp_hi_h": 0.658,
    "off_lo_h": 0.941,
    "off_hi_h": 0.547,
    "mediated": false,
    "rc_n_valid": "3/5",
    "rc_above_control": true,
    "rc_min_pop": 0,
    "p1": true
  },
  "landscape": {
    "RESIDUE_COMPETE": {
      "N": {
        "0.00": 22.3125,
        "0.03": 15.916666666666668,
        "0.06": 50.66666666666667,
        "0.10": 43.75,
        "0.15": 37.6875,
        "0.20": 43.16666666666667,
        "0.30": 40.64583333333333,
        "0.45": 38.75,
        "0.60": 55.697916666666664
      },
      "h_star_N": 0.6
    },
    "NO_RESIDUE": {
      "N": {
        "0.00": 595.6979166666667,
        "0.03": 595.6979166666667,
        "0.06": 629.8541666666666,
        "0.10": 500.1979166666667,
        "0.15": 404.52083333333337,
        "0.20": 338.17708333333337,
        "0.30": 240.1875,
        "0.45": 168.26041666666669,
        "0.60": 133.41666666666666
      },
      "h_star_N": 0.06
    }
  },
  "pairwise": {
    "0.06": {
      "won_frac": 2,
      "n": 8,
      "auc_mean": 0.5063740532114026,
      "s_mean": -0.00028263590491220874
    },
    "0.15": {
      "won_frac": 2,
      "n": 8,
      "auc_mean": 0.3440966983196805,
      "s_mean": -0.0005546831056095618
    },
    "0.3": {
      "won_frac": 2,
      "n": 8,
      "auc_mean": 0.37690057790706,
      "s_mean": -0.004392762485591284
    },
    "0.45": {
      "won_frac": 5,
      "n": 8,
      "auc_mean": 0.7932418058095391,
      "s_mean": 0.00269117781922682
    },
    "nr_015_won": 4,
    "nr_015_auc": 0.49580861797764764,
    "clr_015_won": 4,
    "clr_015_auc": 0.47753435526656995,
    "nos_015_won": 1,
    "nos_015_auc": 0.2067138699726442,
    "diff_easy_won": 3,
    "diff_easy_auc": 0.41439150328152324,
    "diff_hard_won": 5,
    "diff_hard_auc": 0.7142857142857143
  },
  "benefit": {
    "B": {
      "0.00": 0.002565306951263732,
      "0.03": 0.0005777412210904248,
      "0.06": 0.0024994566055189225,
      "0.10": 0.0035166666984184553,
      "0.15": 0.002314579933559674,
      "0.20": 0.0015793598325831056,
      "0.30": 0.0017397713471181142,
      "0.45": 0.001382705425731688,
      "0.60": 0.0033621424939023945
    },
    "gift": 0.0007968355426386624
  },
  "evolution": {
    "RESIDUE_COMPETE": {
      "newborn_h": [
        0.0809544730372979,
        0.07293802742554381,
        0.05614493401345283,
        NaN,
        NaN
      ],
      "mean_newborn_h": 0.07001247815876484,
      "n_functional": 0,
      "n_valid": 3,
      "n_seeds": 5,
      "final_pops": [
        59,
        53,
        62,
        0,
        0
      ],
      "min_pop": 0,
      "fp_rate_lo_h": 0.8807339305550096,
      "fp_rate_hi_h": 0.6579704974248317,
      "offspring_lo_h": 0.9407430312192216,
      "offspring_hi_h": 0.5470588235294117
    },
    "NO_RESIDUE": {
      "newborn_h": [
        0.030702142607656514,
        0.031618555783742563,
        0.02935766294131854,
        0.02996374800958181,
        0.030832293622387732
      ],
      "mean_newborn_h": 0.03049488059293743,
      "n_functional": 0,
      "n_valid": 5,
      "n_seeds": 5,
      "final_pops": [
        999,
        1032,
        986,
        1117,
        1021
      ],
      "min_pop": 986,
      "fp_rate_lo_h": NaN,
      "fp_rate_hi_h": NaN,
      "offspring_lo_h": 0.2532189558872271,
      "offspring_hi_h": NaN
    },
    "RESIDUE_NO_COMPETE": {
      "newborn_h": [
        0.04665094174959532,
        0.03272261433652828,
        0.0929737244873267,
        0.06686405440654691,
        0.06705387663624808
      ],
      "mean_newborn_h": 0.06125304232324905,
      "n_functional": 0,
      "n_valid": 5,
      "n_seeds": 5,
      "final_pops": [
        58,
        50,
        54,
        57,
        57
      ],
      "min_pop": 50,
      "fp_rate_lo_h": 0.875340937799179,
      "fp_rate_hi_h": 0.8042078922142083,
      "offspring_lo_h": 0.7931550586761987,
      "offspring_hi_h": 1.174329501915709
    }
  }
}