{
  "probe_seeds": [
    120,
    121
  ],
  "intensities": [
    0.1,
    0.2,
    0.3,
    0.4,
    0.5,
    0.6
  ],
  "curves": {
    "FAST": {
      "0.1": 0.06841153384590734,
      "0.2": 0.07275868510869932,
      "0.3": 0.07699055918683487,
      "0.4": 0.07593162287474037,
      "0.5": 0.0806485023428391,
      "0.6": 0.08900113336755827
    },
    "SLOW": {
      "0.1": 0.1097231806551216,
      "0.2": 0.0979504424709858,
      "0.3": 0.09414732482621449,
      "0.4": 0.08982333500975381,
      "0.5": 0.11341039726084666,
      "0.6": 0.11899285176440537
    }
  },
  "convexity": {
    "FAST": {
      "d_lo_0.10_0.30": 0.04289512670463763,
      "d_hi_0.30_0.50": 0.01828971578002117,
      "convex_above_0.30": false
    },
    "SLOW": {
      "d_lo_0.10_0.30": -0.07787927914453555,
      "d_hi_0.30_0.50": 0.09631536217316085,
      "convex_above_0.30": true
    }
  }
}