{
  "experiment": "exp201",
  "seeds": [
    33,
    34,
    35,
    36,
    37
  ],
  "per_arm_seed": {
    "FAST": {
      "33": {
        "valid": true,
        "end_newborn_intensity": 0.1491169246111796,
        "end_newborn_learning_rate": 0.38251460624933425,
        "final_pop": 624,
        "extinct": false,
        "max_ever_intensity": 0.5722002275087323,
        "steps_run": 12000,
        "events_hash": "fc391f45fb0943ce75dff124dee194122f2565a7a127babd3f445dbe6ae6b2b7"
      },
      "34": {
        "valid": true,
        "end_newborn_intensity": 0.16436880942747162,
        "end_newborn_learning_rate": 0.28842865518645555,
        "final_pop": 562,
        "extinct": false,
        "max_ever_intensity": 0.5758051912952102,
        "steps_run": 12000,
        "events_hash": "bf8c6f3d83a64d652e188860fa277ba81352d78996096515ded77265510f5ddc"
      },
      "35": {
        "valid": true,
        "end_newborn_intensity": 0.11224807933429666,
        "end_newborn_learning_rate": 0.37342449378841985,
        "final_pop": 558,
        "extinct": false,
        "max_ever_intensity": 0.5295136659515232,
        "steps_run": 12000,
        "events_hash": "b077cfa5b500ca3366ca0902084b5d35ab0cfb7abccab542fa7978324f043276"
      },
      "36": {
        "valid": true,
        "end_newborn_intensity": 0.1452560205090939,
        "end_newborn_learning_rate": 0.4804160941277786,
        "final_pop": 620,
        "extinct": false,
        "max_ever_intensity": 0.6327578473041163,
        "steps_run": 12000,
        "events_hash": "62a781b82c07c8e6a04ccec4e70c13a8acc0be889804074617c4d65a2cbfb78a"
      },
      "37": {
        "valid": true,
        "end_newborn_intensity": 0.06832045179856168,
        "end_newborn_learning_rate": 0.38461661681277826,
        "final_pop": 629,
        "extinct": false,
        "max_ever_intensity": 0.4658102462850849,
        "steps_run": 12000,
        "events_hash": "a788d7318d0717c607beb06eed239e6b55d2c10ad0423fd247f21eefc60fe589"
      }
    },
    "MEDIUM": {
      "33": {
        "valid": true,
        "end_newborn_intensity": 0.10620530109172573,
        "end_newborn_learning_rate": 0.35014027134066844,
        "final_pop": 642,
        "extinct": false,
        "max_ever_intensity": 0.5322461521810279,
        "steps_run": 12000,
        "events_hash": "4eb6cd88b43626545cebc12fa7f65be3192211c3d80569b963e18cc631107f94"
      },
      "34": {
        "valid": true,
        "end_newborn_intensity": 0.12185192535136631,
        "end_newborn_learning_rate": 0.2819581394140496,
        "final_pop": 655,
        "extinct": false,
        "max_ever_intensity": 0.6896805339468639,
        "steps_run": 12000,
        "events_hash": "0a8f1f798c0363f984fb2091079c07e9dc18cb94db1ab5dc2a6021b685cdd61b"
      },
      "35": {
        "valid": true,
        "end_newborn_intensity": 0.12365082921795076,
        "end_newborn_learning_rate": 0.32464413233071804,
        "final_pop": 511,
        "extinct": false,
        "max_ever_intensity": 0.45777830860768953,
        "steps_run": 12000,
        "events_hash": "54e90117da898a625dc4102d1f26a602bf48202ad0b7d2974b4c67b23dee8b17"
      },
      "36": {
        "valid": true,
        "end_newborn_intensity": 0.12617095200231915,
        "end_newborn_learning_rate": 0.41201883816072016,
        "final_pop": 558,
        "extinct": false,
        "max_ever_intensity": 0.5429396033911056,
        "steps_run": 12000,
        "events_hash": "6dda0e19b3c13986428d6e3608e02bac46b598f41c4905461e0cde0bf21189b8"
      },
      "37": {
        "valid": true,
        "end_newborn_intensity": 0.10411734920039606,
        "end_newborn_learning_rate": 0.36907735688756166,
        "final_pop": 607,
        "extinct": false,
        "max_ever_intensity": 0.503804503400082,
        "steps_run": 12000,
        "events_hash": "ec8db252adb229049b90ba74da838ba57eca65b82a95cb6e105663a9e6871a28"
      }
    },
    "SLOW": {
      "33": {
        "valid": true,
        "end_newborn_intensity": 0.10692777520494035,
        "end_newborn_learning_rate": 0.40850655214915205,
        "final_pop": 522,
        "extinct": false,
        "max_ever_intensity": 0.41810240954159417,
        "steps_run": 12000,
        "events_hash": "805746c51a3043506fc3ec08e06e35ca72afb57d41cacd6235c8a57c9912a2e8"
      },
      "34": {
        "valid": true,
        "end_newborn_intensity": 0.0777195048089255,
        "end_newborn_learning_rate": 0.3354916008588647,
        "final_pop": 558,
        "extinct": false,
        "max_ever_intensity": 0.46189020784765045,
        "steps_run": 12000,
        "events_hash": "bf5408d610b3d5bb2c498303f8a2954c821b6a235714025fbe51d4e157d8b400"
      },
      "35": {
        "valid": true,
        "end_newborn_intensity": 0.11133425398903436,
        "end_newborn_learning_rate": 0.2924245860790743,
        "final_pop": 471,
        "extinct": false,
        "max_ever_intensity": 0.43010322153354175,
        "steps_run": 12000,
        "events_hash": "8768d5b312793300302e83355eeec12f19c50f6a7db5ac6cd81ba283bee0d25f"
      },
      "36": {
        "valid": true,
        "end_newborn_intensity": 0.12015900537748116,
        "end_newborn_learning_rate": 0.3394204103587842,
        "final_pop": 507,
        "extinct": false,
        "max_ever_intensity": 0.42959257987311067,
        "steps_run": 12000,
        "events_hash": "f65ebb358b5143a610cbeea30d401a5924a32c0fedbd706159cefc4ecf53d11e"
      },
      "37": {
        "valid": true,
        "end_newborn_intensity": 0.12415645521621292,
        "end_newborn_learning_rate": 0.3442416798476079,
        "final_pop": 542,
        "extinct": false,
        "max_ever_intensity": 0.44825483012748957,
        "steps_run": 12000,
        "events_hash": "6da23b0b3df4ea994740ad1c2b60c7a15e15d18942fdd1a72a4f7152d751d539"
      }
    },
    "CLAMPED_LR": {
      "33": {
        "valid": true,
        "end_newborn_intensity": 0.08203045652782112,
        "end_newborn_learning_rate": 0.30000000000000004,
        "final_pop": 613,
        "extinct": false,
        "max_ever_intensity": 0.5858569662420333,
        "steps_run": 12000,
        "events_hash": "f9e8aa77d09faa49655e668e3650eac29ccfa9e4160e963c017156add756b1a2"
      },
      "34": {
        "valid": true,
        "end_newborn_intensity": 0.12867340342197986,
        "end_newborn_learning_rate": 0.3,
        "final_pop": 625,
        "extinct": false,
        "max_ever_intensity": 0.5343953937309116,
        "steps_run": 12000,
        "events_hash": "4124defdc10f5c3a2be7eb5ae866ecf2ab06159d5e214f766e5283759a10de3d"
      },
      "35": {
        "valid": true,
        "end_newborn_intensity": 0.10462850714771212,
        "end_newborn_learning_rate": 0.29999999999999993,
        "final_pop": 601,
        "extinct": false,
        "max_ever_intensity": 0.49865399678985467,
        "steps_run": 12000,
        "events_hash": "d97433d6b416376d0fa560b2b45e2c9faa7c9940e9fd2e531b6e2c4745fb855a"
      },
      "36": {
        "valid": true,
        "end_newborn_intensity": 0.21855427455670903,
        "end_newborn_learning_rate": 0.29999999999999993,
        "final_pop": 516,
        "extinct": false,
        "max_ever_intensity": 0.7393194503801651,
        "steps_run": 12000,
        "events_hash": "ec1744aa1e0dbde12247d22d96554ffa58aad2b7f46a7a51d279d6ad8bee60f1"
      },
      "37": {
        "valid": true,
        "end_newborn_intensity": 0.10137208368420784,
        "end_newborn_learning_rate": 0.3,
        "final_pop": 625,
        "extinct": false,
        "max_ever_intensity": 0.4897642326601236,
        "steps_run": 12000,
        "events_hash": "e92e1d55976174b3c7a48acf6d79b17f67fc3c74261b605842387fcf9511cb10"
      }
    },
    "SATURATING": {
      "33": {
        "valid": true,
        "end_newborn_intensity": 0.10230854176534387,
        "end_newborn_learning_rate": 0.18714913034229994,
        "final_pop": 706,
        "extinct": false,
        "max_ever_intensity": 0.8668064248803781,