{
  "experiment": "exp206",
  "regime": {
    "crowd": 1.5,
    "rot": 0.05,
    "conf": 0.4,
    "weight": 6.0,
    "K": 2,
    "regen": 0.2
  },
  "audit_seeds": [
    50,
    51,
    52,
    53,
    54,
    55,
    56,
    57
  ],
  "evo_seeds": [
    90,
    91,
    92,
    93,
    94
  ],
  "verdict": "NEGATIVE (the SIXTH wall: precision stays primitive [evo 0.027, h*=0.0, pairwise 3/8] despite a real COST_OFF gift AND a SURVIVABLE population [586] \u2014 the herding/negative-frequency-dependence is NOT escapable even with a private, rotating, crowding-discounted niche; no collapse confound)",
  "token": "NEGATIVE",
  "gates": {
    "pw_015_won": "3/8",
    "pw_015_auc": 0.509,
    "pw_030_won": "1/8",
    "h_star_N": 0.0,
    "gift_real": true,
    "gift": 0.00141,
    "pw_clr_won": "5/8",
    "pw_nos_won": "4/8",
    "pw_shuf_won": "4/8",
    "pw_cz_won": "3/8",
    "pw_static_won": "2/8",
    "evo_NC_mean_h": 0.0271,
    "evo_NC_functional": "0/5",
    "evo_NC_min_pop": 586,
    "evo_NC_corr_pop_h": -0.146,
    "evo_NC_max_lineage_h": 0.027,
    "mi_h_niche": 0.0003,
    "evo_SINGLE": 0.0733,
    "evo_STATIC": 0.0271,
    "evo_NOCROWD": 0.0274,
    "evo_SHUF": 0.0281,
    "evo_CLAMPLR": 0.0297,
    "controls_primitive": true,
    "anticheat_ok": true,
    "survivable": true,
    "drift": false,
    "p1": true
  },
  "landscape": {
    "N": {
      "0.00": 267.02083333333337,
      "0.03": 267.02083333333337,
      "0.06": 150.65625,
      "0.10": 171.33333333333331,
      "0.15": 123.66666666666666,
      "0.20": 129.04166666666666,
      "0.30": 115.5625,
      "0.45": 98.41666666666667,
      "0.60": 85.04166666666666
    },
    "h_star": 0.0
  },
  "pairwise": {
    "0.06": {
      "won": 4,
      "n": 8,
      "auc": 0.4502388201116939
    },
    "0.15": {
      "won": 3,
      "n": 8,
      "auc": 0.5086582310213905
    },
    "0.3": {
      "won": 1,
      "n": 8,
      "auc": 0.16666666666666666
    },
    "0.45": {
      "won": 2,
      "n": 8,
      "auc": 0.25
    },
    "clr": {
      "won": 5,
      "auc": 0.7467284717137953
    },
    "nos": {
      "won": 4,
      "auc": 0.5647636858265085
    },
    "shuf": {
      "won": 4,
      "auc": 0.5714285714285714
    },
    "cz": {
      "won": 3,
      "auc": 0.5719783897494741
    },
    "static": {
      "won": 2,
      "auc": 0.24770416999332662
    }
  },
  "benefit": {
    "B": {
      "0.00": 0.0022306427048972084,
      "0.03": 0.0022306427048972084,
      "0.06": 0.0023548001900395195,
      "0.10": 0.0019860573211666153,
      "0.15": 0.002258901730572639,
      "0.20": 0.001882335134770973,
      "0.30": 0.0015754847005751184,
      "0.45": 0.00249331286271827,
      "0.60": 0.0036362920191920192
    },
    "gift": 0.0014056493142948108
  },
  "evolution": {
    "NICHE_COMPETE": {
      "mean_h": 0.02710755299284214,
      "n_valid": 5,
      "n_functional": 0,
      "per_seed": [
        0.028,
        0.029,
        0.027,
        0.027,
        0.026
      ],
      "min_pop": 586,
      "corr_pop_h": -0.14604804430393098,
      "max_lineage_h": 0.02710755299284214,
      "mi_h_niche": 0.0002701111860702609
    },
    "SINGLE_NICHE": {
      "mean_h": 0.07332115248438426,
      "n_valid": 1,
      "n_functional": 0,
      "per_seed": [
        null,
        null,
        null,
        null,
        0.073
      ],
      "min_pop": 0,
      "corr_pop_h": NaN,
      "max_lineage_h": 0.01466423049687685,
      "mi_h_niche": 0.0
    },
    "STATIC_NICHE": {
      "mean_h": 0.027109875057661704,
      "n_valid": 5,
      "n_functional": 0,
      "per_seed": [
        0.027,
        0.027,
        0.03,
        0.027,
        0.026
      ],
      "min_pop": 428,
      "corr_pop_h": -0.21821492682777677,
      "max_lineage_h": 0.027109875057661704,
      "mi_h_niche": 0.0008858750777100462
    },
    "NO_CROWDING": {
      "mean_h": 0.02737755685472052,
      "n_valid": 5,
      "n_functional": 0,
      "per_seed": [
        0.028,
        0.027,
        0.027,
        0.026,
        0.029
      ],
      "min_pop": 908,
      "corr_pop_h": -0.8543375885203246,
      "max_lineage_h": 0.02740098152512439,
      "mi_h_niche": 0.000672041518751076
    },
    "BARCODE_SHUFFLED": {
      "mean_h": 0.02812915933216629,
      "n_valid": 5,
      "n_functional": 0,
      "per_seed": [
        0.028,
        0.026,
        0.031,
        0.028,
        0.028
      ],
      "min_pop": 350,
      "corr_pop_h": -0.711331672657761,
      "max_lineage_h": 0.028135726571413215,
      "mi_h_niche": 0.0012841096730685459
    },
    "CLAMPED_LR": {
      "mean_h": 0.02972480499955913,
      "n_valid": 5,
      "n_functional": 0,
      "per_seed": [
        0.04,
        0.029,
        0.027,
        0.027,
        0.026
      ],
      "min_pop": 281,
      "corr_pop_h": -0.7996902053036281,
      "max_lineage_h": 0.02972480499955913,
      "mi_h_niche": 0.0007535954451453455
    }
  }
}