{"exp": 146, "rung": "M3d", "layout_seed": 7, "layout_idx": 1, "seed": 0, "plateau": 1.2624784794609494, "final_surprise": 1.560504934500893, "drop": -0.2980264550399436, "p1_ceiling_events": 809, "phase2_final_ceiling_events": 115, "final_comps_per_color": [1, 1, 1, 1], "spawns_kept": 0, "spawns_reverted": 20, "p1_final500_loc_median": 0.04916157445313707, "p2_final500_loc_median": 0.047495634918853245, "sustained_benefit_frac": null, "total_kept": 0, "color_attempt_counts": [5, 5, 5, 5], "mean_attempt_neg_delta": 1.8820753579210352, "twin_final500_map_frac": 1.0}
{"exp": 146, "rung": "M3d", "layout_seed": 7, "layout_idx": 1, "seed": 1, "plateau": 1.2340063083703772, "final_surprise": 1.454944455447776, "drop": -0.22093814707739878, "p1_ceiling_events": 1003, "phase2_final_ceiling_events": 232, "final_comps_per_color": [1, 1, 1, 1], "spawns_kept": 0, "spawns_reverted": 20, "p1_final500_loc_median": 0.05547460232417671, "p2_final500_loc_median": 0.0493958967586731, "sustained_benefit_frac": null, "total_kept": 0, "color_attempt_counts": [5, 5, 5, 5], "mean_attempt_neg_delta": 1.7633292052073442, "twin_final500_map_frac": 1.0}
{"exp": 146, "rung": "M3d", "layout_seed": 7, "layout_idx": 1, "seed": 2, "plateau": 1.2695931645571426, "final_surprise": 1.6014357264799766, "drop": -0.331842561922834, "p1_ceiling_events": 1068, "phase2_final_ceiling_events": 150, "final_comps_per_color": [1, 1, 1, 1], "spawns_kept": 0, "spawns_reverted": 20, "p1_final500_loc_median": 0.06110605528954546, "p2_final500_loc_median": 0.04690733337767222, "sustained_benefit_frac": null, "total_kept": 0, "color_attempt_counts": [5, 5, 5, 5], "mean_attempt_neg_delta": 1.733987491674615, "twin_final500_map_frac": 1.0}
{"exp": 146, "rung": "M3d", "layout_seed": 7, "layout_idx": 1, "seed": 3, "plateau": 1.2854227243631093, "final_surprise": 1.427156254995271, "drop": -0.14173353063216165, "p1_ceiling_events": 951, "phase2_final_ceiling_events": 189, "final_comps_per_color": [1, 1, 1, 1], "spawns_kept": 0, "spawns_reverted": 20, "p1_final500_loc_median": 0.05386205385263809, "p2_final500_loc_median": 0.053160828380487204, "sustained_benefit_frac": null, "total_kept": 0, "color_attempt_counts": [5, 5, 5, 5], "mean_attempt_neg_delta": 1.6450067335248184, "twin_final500_map_frac": 1.0}
{"exp": 146, "rung": "M3d", "layout_seed": 7, "layout_idx": 1, "seed": 4, "plateau": 1.3267363112074493, "final_surprise": 1.5039327228220638, "drop": -0.17719641161461452, "p1_ceiling_events": 701, "phase2_final_ceiling_events": 229, "final_comps_per_color": [1, 1, 1, 1], "spawns_kept": 0, "spawns_reverted": 20, "p1_final500_loc_median": 0.0539160622539793, "p2_final500_loc_median": 0.05399856580447274, "sustained_benefit_frac": null, "total_kept": 0, "color_attempt_counts": [5, 5, 5, 5], "mean_attempt_neg_delta": 1.8125026710292083, "twin_final500_map_frac": 1.0}
{"exp": 146, "rung": "M3d", "layout_seed": 7, "layout_idx": 1, "seed": 5, "plateau": 1.2072927699155367, "final_surprise": 1.4489831106384492, "drop": -0.2416903407229125, "p1_ceiling_events": 747, "phase2_final_ceiling_events": 241, "final_comps_per_color": [1, 1, 1, 1], "spawns_kept": 0, "spawns_reverted": 20, "p1_final500_loc_median": 0.04391213908742152, "p2_final500_loc_median": 0.045663822973668486, "sustained_benefit_frac": null, "total_kept": 0, "color_attempt_counts": [5, 5, 5, 5], "mean_attempt_neg_delta": 1.558165163269318, "twin_final500_map_frac": 1.0}
{"exp": 146, "rung": "M3d", "layout_seed": 7, "layout_idx": 1, "seed": 6, "plateau": 1.2196349681369296, "final_surprise": 1.4740306676830761, "drop": -0.2543956995461465, "p1_ceiling_events": 914, "phase2_final_ceiling_events": 150, "final_comps_per_color": [1, 1, 1, 1], "spawns_kept": 0, "spawns_reverted": 20, "p1_final500_loc_median": 0.058986148127173496, "p2_final500_loc_median": 0.04497012090869662, "sustained_benefit_frac": null, "total_kept": 0, "color_attempt_counts": [5, 5, 5, 5], "mean_attempt_neg_delta": 1.655002843571414, "twin_final500_map_frac": 1.0}
{"exp": 146, "rung": "M3d", "layout_seed": 7, "layout_idx": 1, "seed": 7, "plateau": 1.2663220450394133, "final_surprise": 1.3880622500729323, "drop": -0.12174020503351901, "p1_ceiling_events": 630, "phase2_final_ceiling_events": 119, "final_comps_per_color": [1, 1, 1, 1], "spawns_kept": 0, "spawns_reverted": 20, "p1_final500_loc_median": 0.051051603078669565, "p2_final500_loc_median": 0.04425528978387268, "sustained_benefit_frac": null, "total_kept": 0, "color_attempt_counts": [5, 5, 5, 5], "mean_attempt_neg_delta": 1.7030484796337664, "twin_final500_map_frac": 1.0}
{"exp": 146, "rung": "M3d", "layout_seed": 11, "layout_idx": 2, "seed": 0, "plateau": 1.152187246733797, "final_surprise": 1.5089833777608752, "drop": -0.3567961310270782, "p1_ceiling_events": 267, "phase2_final_ceiling_events": 64, "final_comps_per_color": [1, 1, 1, 1], "spawns_kept": 0, "spawns_reverted": 20, "p1_final500_loc_median": 0.04927090492608725, "p2_final500_loc_median": 0.04371270800748504, "sustained_benefit_frac": null, "total_kept": 0, "color_attempt_counts": [6, 6, 4, 4], "mean_attempt_neg_delta": 1.3792023578476522, "twin_final500_map_frac": 1.0}
{"exp": 146, "rung": "M3d", "layout_seed": 11, "layout_idx": 2, "seed": 1, "plateau": 0.9111777347284705, "final_surprise": 1.2686127499676179, "drop": -0.35743501523914734, "p1_ceiling_events": 438, "phase2_final_ceiling_events": 93, "final_comps_per_color": [1, 1, 1, 1], "spawns_kept": 0, "spawns_reverted": 20, "p1_final500_loc_median": 0.05966591743370184, "p2_final500_loc_median": 0.047010497735662696, "sustained_benefit_frac": null, "total_kept": 0, "color_attempt_counts": [5, 6, 4, 5], "mean_attempt_neg_delta": 1.2996462164554987, "twin_final500_map_frac": 1.0}
{"exp": 146, "rung": "M3d", "layout_seed": 11, "layout_idx": 2, "seed": 2, "plateau": 1.044343887482705, "final_surprise": 1.0324038119945846, "drop": 0.011940075488120261, "p1_ceiling_events": 201, "phase2_final_ceiling_events": 255, "final_comps_per_color": [1, 1, 1, 1], "spawns_kept": 0, "spawns_reverted": 20, "p1_final500_loc_median": 0.06180313148096635, "p2_final500_loc_median": 0.045606223898895945, "sustained_benefit_frac": null, "total_kept": 0, "color_attempt_counts": [6, 6, 2, 6], "mean_attempt_neg_delta": 1.4882425453624566, "twin_final500_map_frac": 1.0}
{"exp": 146, "rung": "M3d", "layout_seed": 11, "layout_idx": 2, "seed": 3, "plateau": 1.142759390705387, "final_surprise": 1.1455177596732293, "drop": -0.0027583689678423173, "p1_ceiling_events": 284, "phase2_final_ceiling_events": 286, "final_comps_per_color": [1, 1, 1, 1], "spawns_kept": 0, "spawns_reverted": 20, "p1_final500_loc_median": 0.05329334423666912, "p2_final500_loc_median": 0.05408238529764671, "sustained_benefit_frac": null, "total_kept": 0, "color_attempt_counts": [5, 6, 5, 4], "mean_attempt_neg_delta": 1.4476028298153327, "twin_final500_map_frac": 1.0}
{"exp": 146, "rung": "M3d", "layout_seed": 11, "layout_idx": 2, "seed": 4, "plateau": 1.043829819038132, "final_surprise": 1.3018812282853647, "drop": -0.2580514092472326, "p1_ceiling_events": 487, "phase2_final_ceiling_events": 178, "final_comps_per_color": [1, 1, 1, 1], "spawns_kept": 0, "spawns_reverted": 20, "p1_final500_loc_median": 0.05353795917582518, "p2_final500_loc_median": 0.05065947568095253, "sustained_benefit_frac": null, "total_kept": 0, "color_attempt_counts": [6, 6, 4, 4], "mean_attempt_neg_delta": 1.3617543788657946, "twin_final500_map_frac": 1.0}
{"exp": 146, "rung": "M3d", "layout_seed": 11, "layout_idx": 2, "seed": 5, "plateau": 1.1306461179277727, "final_surprise": 1.523470427868865, "drop": -0.3928243099410924, "p1_ceiling_events": 288, "phase2_final_ceiling_events": 137, "final_comps_per_color": [1, 1, 1, 1], "spawns_kept": 0, "spawns_reverted": 20, "p1_final500_loc_median": 0.04378736548994577, "p2_final500_loc_median": 0.04436124279928474, "sustained_benefit_frac": null, "total_kept": 0, "color_attempt_counts": [6, 6, 3, 5], "mean_attempt_neg_delta": 1.8405017094157958,