{"exp": 164, "fork_seed": 74, "session": "FR1", "n_total": 4000, "ahat_drift": 0.01996256131216438, "fr1_derangement": [2, 0, 1], "fr2_derangement": [2, 0, 1], "score_a": 0.07692307692307693, "score_b": 0.07692307692307693, "score_c_200": 0.07692307692307693, "score_c_400": 0.24324324324324326, "score_c_800": 0.6363636363636364, "score_c_1600": 1.0, "n_eval_a": 39, "dial_changes": 0, "dial_trajectory_summary": [{"t": -1, "to": 200, "trust": null}]}
{"exp": 164, "fork_seed": 74, "session": "FR2", "n_total": 4000, "ahat_drift": 0.0034634908930277764, "fr1_derangement": [2, 0, 1], "fr2_derangement": [2, 0, 1], "score_a": 1.0, "score_b": 1.0, "score_c_200": 1.0, "score_c_400": 1.0, "score_c_800": 1.0, "score_c_1600": 0.02, "n_eval_a": 39, "dial_changes": 0, "dial_trajectory_summary": [{"t": -1, "to": 200, "trust": null}]}
{"exp": 164, "fork_seed": 74, "session": "CTRL", "n_total": 4000, "ahat_drift": 0.004177872433558938, "fr1_derangement": [2, 0, 1], "fr2_derangement": [2, 0, 1], "score_a": 1.0, "score_b": 1.0, "score_c_200": 1.0, "score_c_400": 1.0, "score_c_800": 1.0, "score_c_1600": 1.0, "n_eval_a": 39, "dial_changes": 0, "dial_trajectory_summary": [{"t": -1, "to": 200, "trust": null}]}
{"exp": 164, "fork_seed": 75, "session": "FR1", "n_total": 4000, "ahat_drift": 0.025890891162290618, "fr1_derangement": [2, 0, 1], "fr2_derangement": [2, 0, 1], "score_a": 0.07692307692307693, "score_b": 0.07692307692307693, "score_c_200": 0.07692307692307693, "score_c_400": 0.24324324324324326, "score_c_800": 0.6363636363636364, "score_c_1600": 1.0, "n_eval_a": 39, "dial_changes": 0, "dial_trajectory_summary": [{"t": -1, "to": 200, "trust": null}]}
{"exp": 164, "fork_seed": 75, "session": "FR2", "n_total": 4000, "ahat_drift": 0.004177872433558938, "fr1_derangement": [2, 0, 1], "fr2_derangement": [2, 0, 1], "score_a": 1.0, "score_b": 1.0, "score_c_200": 1.0, "score_c_400": 1.0, "score_c_800": 1.0, "score_c_1600": 0.02, "n_eval_a": 39, "dial_changes": 0, "dial_trajectory_summary": [{"t": -1, "to": 200, "trust": null}]}
{"exp": 164, "fork_seed": 75, "session": "CTRL", "n_total": 4000, "ahat_drift": 0.004177872433558938, "fr1_derangement": [2, 0, 1], "fr2_derangement": [2, 0, 1], "score_a": 1.0, "score_b": 1.0, "score_c_200": 1.0, "score_c_400": 1.0, "score_c_800": 1.0, "score_c_1600": 1.0, "n_eval_a": 39, "dial_changes": 0, "dial_trajectory_summary": [{"t": -1, "to": 200, "trust": null}]}
{"exp": 164, "fork_seed": 76, "session": "FR1", "n_total": 4000, "ahat_drift": 0.023008380094043074, "fr1_derangement": [2, 0, 1], "fr2_derangement": [1, 2, 0], "score_a": 0.07692307692307693, "score_b": 0.07692307692307693, "score_c_200": 0.07692307692307693, "score_c_400": 0.24324324324324326, "score_c_800": 0.6363636363636364, "score_c_1600": 1.0, "n_eval_a": 39, "dial_changes": 0, "dial_trajectory_summary": [{"t": -1, "to": 200, "trust": null}]}
{"exp": 164, "fork_seed": 76, "session": "FR2", "n_total": 4000, "ahat_drift": 0.004247787587110974, "fr1_derangement": [2, 0, 1], "fr2_derangement": [1, 2, 0], "score_a": 1.0, "score_b": 1.0, "score_c_200": 1.0, "score_c_400": 1.0, "score_c_800": 1.0, "score_c_1600": 0.02, "n_eval_a": 39, "dial_changes": 0, "dial_trajectory_summary": [{"t": -1, "to": 200, "trust": null}]}
{"exp": 164, "fork_seed": 76, "session": "CTRL", "n_total": 4000, "ahat_drift": 0.004247787587110974, "fr1_derangement": [2, 0, 1], "fr2_derangement": [1, 2, 0], "score_a": 1.0, "score_b": 1.0, "score_c_200": 1.0, "score_c_400": 1.0, "score_c_800": 1.0, "score_c_1600": 1.0, "n_eval_a": 39, "dial_changes": 0, "dial_trajectory_summary": [{"t": -1, "to": 200, "trust": null}]}
{"exp": 164, "fork_seed": 77, "session": "FR1", "n_total": 4000, "ahat_drift": 0.022831457455055916, "fr1_derangement": [1, 2, 0], "fr2_derangement": [1, 2, 0], "score_a": 0.07692307692307693, "score_b": 0.07692307692307693, "score_c_200": 0.07692307692307693, "score_c_400": 0.24324324324324326, "score_c_800": 0.6363636363636364, "score_c_1600": 1.0, "n_eval_a": 39, "dial_changes": 0, "dial_trajectory_summary": [{"t": -1, "to": 200, "trust": null}]}
{"exp": 164, "fork_seed": 77, "session": "FR2", "n_total": 4000, "ahat_drift": 0.003112182471929237, "fr1_derangement": [1, 2, 0], "fr2_derangement": [1, 2, 0], "score_a": 1.0, "score_b": 1.0, "score_c_200": 1.0, "score_c_400": 1.0, "score_c_800": 1.0, "score_c_1600": 0.02, "n_eval_a": 39, "dial_changes": 0, "dial_trajectory_summary": [{"t": -1, "to": 200, "trust": null}]}
{"exp": 164, "fork_seed": 77, "session": "CTRL", "n_total": 4000, "ahat_drift": 0.0036499856598444236, "fr1_derangement": [1, 2, 0], "fr2_derangement": [1, 2, 0], "score_a": 1.0, "score_b": 1.0, "score_c_200": 1.0, "score_c_400": 1.0, "score_c_800": 1.0, "score_c_1600": 1.0, "n_eval_a": 39, "dial_changes": 0, "dial_trajectory_summary": [{"t": -1, "to": 200, "trust": null}]}
{"exp": 164, "fork_seed": 78, "session": "FR1", "n_total": 4000, "ahat_drift": 0.020561179537478692, "fr1_derangement": [1, 2, 0], "fr2_derangement": [2, 0, 1], "score_a": 0.07692307692307693, "score_b": 0.07692307692307693, "score_c_200": 0.07692307692307693, "score_c_400": 0.24324324324324326, "score_c_800": 0.6363636363636364, "score_c_1600": 1.0, "n_eval_a": 39, "dial_changes": 0, "dial_trajectory_summary": [{"t": -1, "to": 200, "trust": null}]}
{"exp": 164, "fork_seed": 78, "session": "FR2", "n_total": 4000, "ahat_drift": 0.0032155202489165813, "fr1_derangement": [1, 2, 0], "fr2_derangement": [2, 0, 1], "score_a": 1.0, "score_b": 1.0, "score_c_200": 1.0, "score_c_400": 1.0, "score_c_800": 1.0, "score_c_1600": 0.02, "n_eval_a": 39, "dial_changes": 0, "dial_trajectory_summary": [{"t": -1, "to": 200, "trust": null}]}
{"exp": 164, "fork_seed": 78, "session": "CTRL", "n_total": 4000, "ahat_drift": 0.003574248632795207, "fr1_derangement": [1, 2, 0], "fr2_derangement": [2, 0, 1], "score_a": 1.0, "score_b": 1.0, "score_c_200": 1.0, "score_c_400": 1.0, "score_c_800": 1.0, "score_c_1600": 1.0, "n_eval_a": 39, "dial_changes": 0, "dial_trajectory_summary": [{"t": -1, "to": 200, "trust": null}]}
{"exp": 164, "fork_seed": 79, "session": "FR1", "n_total": 4000, "ahat_drift": 0.02179265014324724, "fr1_derangement": [2, 0, 1], "fr2_derangement": [1, 2, 0], "score_a": 0.07692307692307693, "score_b": 0.07692307692307693, "score_c_200": 0.07692307692307693, "score_c_400": 0.24324324324324326, "score_c_800": 0.6363636363636364, "score_c_1600": 1.0, "n_eval_a": 39, "dial_changes": 0, "dial_trajectory_summary": [{"t": -1, "to": 200, "trust": null}]}
{"exp": 164, "fork_seed": 79, "session": "FR2", "n_total": 4000, "ahat_drift": 0.003946104563020358, "fr1_derangement": [2, 0, 1], "fr2_derangement": [1, 2, 0], "score_a": 1.0, "score_b": 1.0, "score_c_200": 1.0, "score_c_400": 1.0, "score_c_800": 1.0, "score_c_1600": 0.02, "n_eval_a": 39, "dial_changes": 0, "dial_trajectory_summary": [{"t": -1, "to": 200, "trust": null}]}
{"exp": 164, "fork_seed": 79, "session": "CTRL", "n_total": 4000, "ahat_drift": 0.004302976654742663, "fr1_derangement": [2, 0, 1], "fr2_derangement": [1, 2, 0], "score_a": 1.0, "score_b": 1.0, "score_c_200": 1.0, "score_c_400": 1.0, "score_c_800": 1.0, "score_c_1600": 1.0, "n_eval_a": 39, "dial_changes": 0, "dial_trajectory_summary": [{"t": -1, "to": 200, "trust": null}]}
{"exp": 164, "fork_seed": 80, "session": "FR1", "n_total": 4000, "ahat_drift": 0.018093277955135267, "fr1_derangement": [1, 2, 0], "fr2_derangement": [1, 2, 0], "score_a": 0.07692307692307693, "score_b": 0.07692307692307693, "score_c_200": 0.07692307692307693, "score_c_400": 0.24324324324324326, "score_c_800": 0.6363636363636364, "score_c_1600": 1.0, "n_eval_a": 39, "dial_changes": 0, "dial_trajectory_summary": [{"t": -1, "to": 200, "trust": null}]}
{"exp": 164, "fork_seed": 80, "session": "FR2", "n_total": 4000, "ahat_drift": 0.0036698117879794684, "fr1_derangement": [1, 2, 0], "fr2_derangement": [1, 2, 0], "score_a": 1.0, "score_b": 1.0, "score_c_200": 1.0, "score_c_400": 1.0, "score_c_800": 1.0, "score_c_1600": 0.02, "n_eval_a": 39,