{"exp": 149, "rung": "M4c", "seed": 16, "rel_share": 0.6572468392316795, "twin_reliable_share": 0.8287784206585223, "gap": -0.17153158142684277, "spearman": 0.7294117647058823, "favorite": 3, "fav_col": 3, "fav_in_right": true, "occ_a": 0.0605, "occ_b": 0.7305, "p1a": false, "p1b": true, "p2": true, "fav_m": 0, "fav_m_col": 0, "fav_m_in_left": true, "p3": true, "spearman_m": 0.7823529411764706, "mean_weight_reliable": 0.379567873918349, "mean_weight_noisy": 0.19213677643180524}
{"exp": 149, "rung": "M4c", "seed": 17, "rel_share": 0.6867532840899687, "twin_reliable_share": 0.8528668060659184, "gap": -0.16611352197594964, "spearman": 0.6529411764705881, "favorite": 3, "fav_col": 3, "fav_in_right": true, "occ_a": 0.062, "occ_b": 0.7315, "p1a": false, "p1b": true, "p2": true, "fav_m": 12, "fav_m_col": 0, "fav_m_in_left": true, "p3": true, "spearman_m": 0.6558823529411765, "mean_weight_reliable": 0.4201139512573479, "mean_weight_noisy": 0.2325625063978787}
{"exp": 149, "rung": "M4c", "seed": 18, "rel_share": 0.6310883264292162, "twin_reliable_share": 0.8142480707994763, "gap": -0.18315974437026006, "spearman": 0.6529411764705881, "favorite": 3, "fav_col": 3, "fav_in_right": true, "occ_a": 0.0605, "occ_b": 0.6725, "p1a": false, "p1b": true, "p2": true, "fav_m": 0, "fav_m_col": 0, "fav_m_in_left": true, "p3": true, "spearman_m": 0.8441176470588234, "mean_weight_reliable": 0.3443546136912096, "mean_weight_noisy": 0.18457172090059512}
{"exp": 149, "rung": "M4c", "seed": 19, "rel_share": 0.7046061691987486, "twin_reliable_share": 0.8630818871603894, "gap": -0.15847571796164073, "spearman": 0.8058823529411765, "favorite": 15, "fav_col": 3, "fav_in_right": true, "occ_a": 0.07675, "occ_b": 0.837, "p1a": false, "p1b": true, "p2": true, "fav_m": 0, "fav_m_col": 0, "fav_m_in_left": true, "p3": true, "spearman_m": 0.7058823529411764, "mean_weight_reliable": 0.42836669941191297, "mean_weight_noisy": 0.20776595753413724}
{"exp": 149, "rung": "M4c", "seed": 20, "rel_share": 0.7011146188893228, "twin_reliable_share": 0.8524887741850595, "gap": -0.15137415529573672, "spearman": 0.8558823529411764, "favorite": 15, "fav_col": 3, "fav_in_right": true, "occ_a": 0.07525, "occ_b": 0.0925, "p1a": false, "p1b": true, "p2": false, "fav_m": 12, "fav_m_col": 0, "fav_m_in_left": true, "p3": true, "spearman_m": 0.9058823529411765, "mean_weight_reliable": 0.4132220636283259, "mean_weight_noisy": 0.20983715415138143}
{"exp": 149, "rung": "M4c", "seed": 21, "rel_share": 0.6959241869137726, "twin_reliable_share": 0.8628387797013792, "gap": -0.16691459278760667, "spearman": 0.6970588235294117, "favorite": 15, "fav_col": 3, "fav_in_right": true, "occ_a": 0.07875, "occ_b": 0.858, "p1a": false, "p1b": true, "p2": true, "fav_m": 12, "fav_m_col": 0, "fav_m_in_left": true, "p3": true, "spearman_m": 0.7558823529411764, "mean_weight_reliable": 0.4231964017607503, "mean_weight_noisy": 0.20960087414017312}
{"exp": 149, "rung": "M4c", "seed": 22, "rel_share": 0.6786760509650769, "twin_reliable_share": 0.8521542644674227, "gap": -0.17347821350234582, "spearman": 0.6647058823529411, "favorite": 3, "fav_col": 3, "fav_in_right": true, "occ_a": 0.071, "occ_b": 0.8075, "p1a": false, "p1b": true, "p2": true, "fav_m": 0, "fav_m_col": 0, "fav_m_in_left": true, "p3": true, "spearman_m": 0.7970588235294117, "mean_weight_reliable": 0.40193071545389003, "mean_weight_noisy": 0.19870851515624327}
{"exp": 149, "rung": "M4c", "seed": 23, "rel_share": 0.6437719112427255, "twin_reliable_share": 0.8252290976479313, "gap": -0.1814571864052058, "spearman": 0.6411764705882352, "favorite": 15, "fav_col": 3, "fav_in_right": true, "occ_a": 0.064, "occ_b": 0.6265, "p1a": false, "p1b": true, "p2": true, "fav_m": 12, "fav_m_col": 0, "fav_m_in_left": true, "p3": true, "spearman_m": 0.6264705882352941, "mean_weight_reliable": 0.38657535166805024, "mean_weight_noisy": 0.22152761727581394}
{"exp": 149, "rung": "M4c", "seed": -1, "summary": true, "p1a_count": 0, "p1b_count": 8, "p1_holds": false, "p2_count": 7, "p2_holds": true, "p3_count": 8, "p3_holds": true, "verdict": "NEGATIVE"}
