{"exp": 161, "fork_seed": 50, "arm": 500, "regime": "R-SWAP-LAG", "n_total": 4000, "n_correct_post": 2355, "n_incorrect_post": 645, "ahat_drift": 0.01062009818697529, "burnin_auroc": 0.7800602430737977, "post_auroc_n2": 0.5784288747346072, "post_auroc_oracle": 0.8301486199575372, "segment_n2_aurocs": [0.4041056910569106, 0.651456, 0.5794405594405594, 0.6460954366113303, 0.6407281317307024, 0.5112670068027211], "n_segs": 6, "n_segs_deceived": 1, "frac_segs_deceived": 0.16666666666666666, "n_post_windows": 30, "n_ok_post": 0, "n_noise_post": 29, "n_structural_post": 1, "frac_ok_post": 0.0, "frac_noise_post": 0.9666666666666667, "frac_structural_post": 0.03333333333333333, "ewma_vs_p0_r": 0.8608208090194676, "p0_cells": [1, 2, 3, 4, 5, 8, 9, 13, 15, 19, 22, 23, 24]}
{"exp": 161, "fork_seed": 51, "arm": 500, "regime": "R-SWAP-LAG", "n_total": 4000, "n_correct_post": 2347, "n_incorrect_post": 653, "ahat_drift": 0.00929415412154444, "burnin_auroc": 0.7729142857142857, "post_auroc_n2": 0.5652444128929375, "post_auroc_oracle": 0.8161482743928419, "segment_n2_aurocs": [0.38488375022040855, 0.6506544901065449, 0.540752781237466, 0.578775, 0.5614634146341464, 0.6214898019509312], "n_segs": 6, "n_segs_deceived": 1, "frac_segs_deceived": 0.16666666666666666, "n_post_windows": 30, "n_ok_post": 0, "n_noise_post": 30, "n_structural_post": 0, "frac_ok_post": 0.0, "frac_noise_post": 1.0, "frac_structural_post": 0.0, "ewma_vs_p0_r": 0.8006104211694235, "p0_cells": [0, 1, 2, 3, 5, 6, 9, 10, 12, 13, 14, 16, 22]}
{"exp": 161, "fork_seed": 52, "arm": 500, "regime": "R-SWAP-LAG", "n_total": 4000, "n_correct_post": 2335, "n_incorrect_post": 665, "ahat_drift": 0.012118599804102015, "burnin_auroc": 0.7863095689067353, "post_auroc_n2": 0.5940545153032474, "post_auroc_oracle": 0.832119914346895, "segment_n2_aurocs": [0.45992273753984503, 0.645875, 0.53385, 0.6560557498057498, 0.6481796617161716, 0.6087957402514212], "n_segs": 6, "n_segs_deceived": 1, "frac_segs_deceived": 0.16666666666666666, "n_post_windows": 30, "n_ok_post": 0, "n_noise_post": 30, "n_structural_post": 0, "frac_ok_post": 0.0, "frac_noise_post": 1.0, "frac_structural_post": 0.0, "ewma_vs_p0_r": 0.860279350415639, "p0_cells": [0, 3, 5, 6, 8, 9, 10, 12, 13, 16, 18, 23, 24]}
{"exp": 161, "fork_seed": 53, "arm": 500, "regime": "R-SWAP-LAG", "n_total": 4000, "n_correct_post": 2345, "n_incorrect_post": 655, "ahat_drift": 0.011934356191961482, "burnin_auroc": 0.8269229091606982, "post_auroc_n2": 0.5683367242305376, "post_auroc_oracle": 0.8270788912579957, "segment_n2_aurocs": [0.3853553019145803, 0.6747677425533952, 0.5209324009324009, 0.5975402227722773, 0.6666666666666666, 0.5624413964543492], "n_segs": 6, "n_segs_deceived": 1, "frac_segs_deceived": 0.16666666666666666, "n_post_windows": 30, "n_ok_post": 0, "n_noise_post": 30, "n_structural_post": 0, "frac_ok_post": 0.0, "frac_noise_post": 1.0, "frac_structural_post": 0.0, "ewma_vs_p0_r": 0.8112424285286305, "p0_cells": [0, 2, 3, 4, 5, 8, 11, 12, 13, 16, 18, 19, 24]}
{"exp": 161, "fork_seed": 54, "arm": 500, "regime": "R-SWAP-LAG", "n_total": 4000, "n_correct_post": 2346, "n_incorrect_post": 654, "ahat_drift": 0.010478663709814096, "burnin_auroc": 0.8389096233664718, "post_auroc_n2": 0.5763157277270701, "post_auroc_oracle": 0.8427109974424553, "segment_n2_aurocs": [0.44062378167641325, 0.6779084158415841, 0.5703182606269555, 0.4946109766441176, 0.6221553507617077, 0.6327470686767169], "n_segs": 6, "n_segs_deceived": 2, "frac_segs_deceived": 0.3333333333333333, "n_post_windows": 30, "n_ok_post": 0, "n_noise_post": 28, "n_structural_post": 2, "frac_ok_post": 0.0, "frac_noise_post": 0.9333333333333333, "frac_structural_post": 0.06666666666666667, "ewma_vs_p0_r": 0.8356705593835488, "p0_cells": [0, 1, 2, 3, 7, 8, 9, 12, 14, 17, 19, 23, 24]}
{"exp": 161, "fork_seed": 55, "arm": 500, "regime": "R-SWAP-LAG", "n_total": 4000, "n_correct_post": 2309, "n_incorrect_post": 691, "ahat_drift": 0.010170994255983445, "burnin_auroc": 0.8285276367468148, "post_auroc_n2": 0.5622881958785825, "post_auroc_oracle": 0.8215677782589865, "segment_n2_aurocs": [0.405252436155914, 0.6831864448857994, 0.63223664004914, 0.48910933333333334, 0.5956182947487295, 0.5324315473941409], "n_segs": 6, "n_segs_deceived": 2, "frac_segs_deceived": 0.3333333333333333, "n_post_windows": 30, "n_ok_post": 0, "n_noise_post": 30, "n_structural_post": 0, "frac_ok_post": 0.0, "frac_noise_post": 1.0, "frac_structural_post": 0.0, "ewma_vs_p0_r": 0.8131208936754594, "p0_cells": [0, 8, 10, 11, 12, 13, 14, 19, 20, 21, 22, 23, 24]}
{"exp": 161, "fork_seed": 56, "arm": 500, "regime": "R-SWAP-LAG", "n_total": 4000, "n_correct_post": 2332, "n_incorrect_post": 668, "ahat_drift": 0.011176570038095357, "burnin_auroc": 0.7526977233846559, "post_auroc_n2": 0.5874079456866712, "post_auroc_oracle": 0.8222555746140652, "segment_n2_aurocs": [0.37951754385964914, 0.6986951053348706, 0.6154857673267327, 0.5806526320665139, 0.6456913474051038, 0.586882560483871], "n_segs": 6, "n_segs_deceived": 1, "frac_segs_deceived": 0.16666666666666666, "n_post_windows": 30, "n_ok_post": 0, "n_noise_post": 30, "n_structural_post": 0, "frac_ok_post": 0.0, "frac_noise_post": 1.0, "frac_structural_post": 0.0, "ewma_vs_p0_r": 0.7020848656275817, "p0_cells": [1, 2, 3, 5, 6, 8, 9, 11, 12, 13, 18, 21, 24]}
{"exp": 161, "fork_seed": 57, "arm": 500, "regime": "R-SWAP-LAG", "n_total": 4000, "n_correct_post": 2327, "n_incorrect_post": 673, "ahat_drift": 0.0105654268308647, "burnin_auroc": 0.8086647570783299, "post_auroc_n2": 0.5595908486907681, "post_auroc_oracle": 0.8162870648904168, "segment_n2_aurocs": [0.40707964601769914, 0.5879144988403435, 0.5567251461988304, 0.6076747537833294, 0.585880758807588, 0.5861441798941799], "n_segs": 6, "n_segs_deceived": 1, "frac_segs_deceived": 0.16666666666666666, "n_post_windows": 30, "n_ok_post": 0, "n_noise_post": 30, "n_structural_post": 0, "frac_ok_post": 0.0, "frac_noise_post": 1.0, "frac_structural_post": 0.0, "ewma_vs_p0_r": 0.8210047245440789, "p0_cells": [3, 5, 6, 8, 11, 12, 13, 15, 16, 18, 21, 22, 23]}
{"exp": 161, "fork_seed": 50, "arm": 750, "regime": "R-SWAP-LAG", "n_total": 4000, "n_correct_post": 2320, "n_incorrect_post": 680, "ahat_drift": 0.012968756515306379, "burnin_auroc": 0.7800602430737977, "post_auroc_n2": 0.6196916201825557, "post_auroc_oracle": 0.8170258620689655, "segment_n2_aurocs": [0.5351404932159882, 0.6483367715317174, 0.6465524891294703, 0.6269583302850096], "n_segs": 4, "n_segs_deceived": 0, "frac_segs_deceived": 0.0, "n_post_windows": 30, "n_ok_post": 0, "n_noise_post": 29, "n_structural_post": 1, "frac_ok_post": 0.0, "frac_noise_post": 0.9666666666666667, "frac_structural_post": 0.03333333333333333, "ewma_vs_p0_r": 0.925283787258195, "p0_cells": [1, 2, 3, 4, 5, 8, 9, 13, 15, 19, 22, 23, 24]}
{"exp": 161, "fork_seed": 51, "arm": 750, "regime": "R-SWAP-LAG", "n_total": 4000, "n_correct_post": 2361, "n_incorrect_post": 639, "ahat_drift": 0.010863251233470872, "burnin_auroc": 0.7729142857142857, "post_auroc_n2": 0.608593676984965, "post_auroc_oracle": 0.8214739517153749, "segment_n2_aurocs": [0.5653219063545151, 0.6397720797720797, 0.6234147439044346, 0.5976749760306808], "n_segs": 4, "n_segs_deceived": 0, "frac_segs_deceived": 0.0, "n_post_windows": 30, "n_ok_post": 0, "n_noise_post": 30, "n_structural_post": 0, "frac_ok_post": 0.0, "frac_noise_post": 1.0, "frac_structural_post": 0.0, "ewma_vs_p0_r": 0.880190495807871, "p0_cells": [0, 1, 2, 3, 5, 6, 9, 10, 12, 13, 14, 16, 22]}
{"exp": 161, "fork_seed": 52, "arm": 750, "regime": "R-SWAP-LAG", "n_total": 4000, "n_correct_post": 2300, "n_incorrect_post": 700, "ahat_drift": 0.010849349046911816, "burnin_auroc": 0.7863095689067353, "post_auroc_n2": 0.6229447204968944, "post_auroc_oracle": 0.822391304347826, "segment_n2_aurocs": [0.57145652535491, 0.5947357203751066, 0.6589281403395831, 0.6417008854381908], "n_segs": 4, "n_segs_deceived": 0, "frac_segs_deceived": 0.0, "n_post_windows": 30, "n_ok_post": 0, "n_noise_post": 30,