{"exp": 160, "fork_seed": 42, "regime": "R-SWAP", "n_total": 4000, "n_correct_post": 2351, "n_incorrect_post": 649, "ahat_drift": 0.009469025333197711, "burnin_auroc": 0.8033211691337719, "post_auroc_n2": 0.5390130023679397, "post_auroc_oracle": 0.8262441514249256, "segment_n2_aurocs": [0.2573856922097991, 0.7460986267166042, 0.4953304597701149, 0.5202483003251552, 0.403157255616272, 0.5520745920745921, 0.642390289449113, 0.5328787878787878, 0.5940230961298377, 0.4735422986181328, 0.5664604971408566, 0.4863597612958227], "n_post_windows": 30, "n_ok_post": 0, "n_noise_post": 30, "n_structural_post": 0, "frac_ok_post": 0.0, "frac_noise_post": 1.0, "frac_structural_post": 0.0, "ewma_vs_p0_r": 0.30846450692660243, "p0_cells": [1, 2, 3, 4, 6, 7, 9, 11, 12, 16, 19, 21, 24]}
{"exp": 160, "fork_seed": 43, "regime": "R-SWAP", "n_total": 4000, "n_correct_post": 2325, "n_incorrect_post": 675, "ahat_drift": 0.009922376069213423, "burnin_auroc": 0.7788855166572558, "post_auroc_n2": 0.5255671843886898, "post_auroc_oracle": 0.8187096774193549, "segment_n2_aurocs": [0.16720545977011494, 0.7907149950347567, 0.3927302264189258, 0.632294226044226, 0.4843159486016629, 0.6615266736902595, 0.49097938144329895, 0.5163006177076184, 0.5925925925925926, 0.5172257067539314, 0.6414444711345985, 0.439353630899596], "n_post_windows": 30, "n_ok_post": 0, "n_noise_post": 30, "n_structural_post": 0, "frac_ok_post": 0.0, "frac_noise_post": 1.0, "frac_structural_post": 0.0, "ewma_vs_p0_r": 0.3193523117871215, "p0_cells": [1, 3, 4, 6, 7, 8, 11, 16, 17, 19, 21, 22, 23]}
{"exp": 160, "fork_seed": 44, "regime": "R-SWAP", "n_total": 4000, "n_correct_post": 2346, "n_incorrect_post": 654, "ahat_drift": 0.00973178742992764, "burnin_auroc": 0.7929753421151554, "post_auroc_n2": 0.5380203404324102, "post_auroc_oracle": 0.8241687979539642, "segment_n2_aurocs": [0.21821138211382113, 0.7775835275835276, 0.3585434173669468, 0.6384149184149184, 0.5420175438596492, 0.5914342397012486, 0.5983333333333334, 0.49315789473684213, 0.5625166385659774, 0.4805366591080877, 0.6366213151927438, 0.5452753965907972], "n_post_windows": 30, "n_ok_post": 0, "n_noise_post": 30, "n_structural_post": 0, "frac_ok_post": 0.0, "frac_noise_post": 1.0, "frac_structural_post": 0.0, "ewma_vs_p0_r": 0.48289155236461645, "p0_cells": [0, 3, 5, 6, 9, 10, 11, 14, 15, 16, 19, 22, 24]}
{"exp": 160, "fork_seed": 45, "regime": "R-SWAP", "n_total": 4000, "n_correct_post": 2329, "n_incorrect_post": 671, "ahat_drift": 0.011405380776695173, "burnin_auroc": 0.7960868969298246, "post_auroc_n2": 0.5267993977318319, "post_auroc_oracle": 0.8160154572778017, "segment_n2_aurocs": [0.20604749631811486, 0.7400468384074942, 0.4006908462867012, 0.6502267573696145, 0.615134496009459, 0.5566065622228791, 0.5729166666666666, 0.4673913043478261, 0.5579176114890401, 0.5253328225265779, 0.5292307692307693, 0.5336130536130537], "n_post_windows": 30, "n_ok_post": 0, "n_noise_post": 30, "n_structural_post": 0, "frac_ok_post": 0.0, "frac_noise_post": 1.0, "frac_structural_post": 0.0, "ewma_vs_p0_r": 0.3722296918722083, "p0_cells": [0, 3, 6, 8, 9, 10, 11, 13, 14, 19, 20, 21, 23]}
{"exp": 160, "fork_seed": 46, "regime": "R-SWAP", "n_total": 4000, "n_correct_post": 2325, "n_incorrect_post": 675, "ahat_drift": 0.013315616154129795, "burnin_auroc": 0.7901529277000644, "post_auroc_n2": 0.5142461170848268, "post_auroc_oracle": 0.8208602150537634, "segment_n2_aurocs": [0.1745295882192528, 0.803729037952339, 0.41479507676690774, 0.5875410417960777, 0.4732605835461652, 0.5266660750732097, 0.5263599203437794, 0.5130105401844532, 0.6062540400775694, 0.4623960695389267, 0.5361611500576804, 0.5924630924630925], "n_post_windows": 30, "n_ok_post": 0, "n_noise_post": 30, "n_structural_post": 0, "frac_ok_post": 0.0, "frac_noise_post": 1.0, "frac_structural_post": 0.0, "ewma_vs_p0_r": 0.45598831908566206, "p0_cells": [2, 4, 6, 9, 10, 11, 17, 18, 19, 20, 21, 22, 23]}
{"exp": 160, "fork_seed": 47, "regime": "R-SWAP", "n_total": 4000, "n_correct_post": 2319, "n_incorrect_post": 681, "ahat_drift": 0.011236269924431386, "burnin_auroc": 0.8017086834733893, "post_auroc_n2": 0.5672738578517881, "post_auroc_oracle": 0.8195342820181113, "segment_n2_aurocs": [0.2915592783505155, 0.7162356321839081, 0.3610400682011935, 0.7152061855670103, 0.5906432748538012, 0.5919779927234005, 0.5407017543859649, 0.5905139833711263, 0.5045592705167173, 0.5560970656919484, 0.5796485260770975, 0.6209999151175621], "n_post_windows": 30, "n_ok_post": 0, "n_noise_post": 30, "n_structural_post": 0, "frac_ok_post": 0.0, "frac_noise_post": 1.0, "frac_structural_post": 0.0, "ewma_vs_p0_r": 0.47671514325734404, "p0_cells": [4, 5, 7, 8, 11, 12, 16, 17, 18, 19, 20, 22, 23]}
{"exp": 160, "fork_seed": 48, "regime": "R-SWAP", "n_total": 4000, "n_correct_post": 2319, "n_incorrect_post": 681, "ahat_drift": 0.013117401414822205, "burnin_auroc": 0.80298881728757, "post_auroc_n2": 0.5552395805827997, "post_auroc_oracle": 0.8216903837861147, "segment_n2_aurocs": [0.21980486269572744, 0.7279205701016895, 0.43987211221122113, 0.686141174217029, 0.4944324712643678, 0.5115979381443299, 0.5959079283887468, 0.6505439005439005, 0.5578473813767931, 0.5515463917525774, 0.5155, 0.6649214659685864], "n_post_windows": 30, "n_ok_post": 0, "n_noise_post": 30, "n_structural_post": 0, "frac_ok_post": 0.0, "frac_noise_post": 1.0, "frac_structural_post": 0.0, "ewma_vs_p0_r": 0.536489334259675, "p0_cells": [4, 6, 7, 9, 10, 11, 13, 14, 15, 17, 22, 23, 24]}
{"exp": 160, "fork_seed": 49, "regime": "R-SWAP", "n_total": 4000, "n_correct_post": 2362, "n_incorrect_post": 638, "ahat_drift": 0.009380179095004215, "burnin_auroc": 0.7828510951103081, "post_auroc_n2": 0.5505326631965366, "post_auroc_oracle": 0.8293818797629128, "segment_n2_aurocs": [0.1985003591954023, 0.730842650668121, 0.4396853146853147, 0.6558857808857809, 0.5398965141612201, 0.6045066045066045, 0.5318570318570318, 0.6427, 0.649300441826215, 0.5340484627909204, 0.5468844525105868, 0.48795822676896844], "n_post_windows": 30, "n_ok_post": 0, "n_noise_post": 30, "n_structural_post": 0, "frac_ok_post": 0.0, "frac_noise_post": 1.0, "frac_structural_post": 0.0, "ewma_vs_p0_r": 0.5281498351630173, "p0_cells": [1, 4, 8, 9, 10, 11, 13, 15, 16, 17, 18, 19, 22]}
{"exp": 160, "row_type": "summary", "pool_n2_auroc": 0.5408125083776669, "p1_pooled_pass": false, "p1_forks_below_count": 0, "p1_forks_pass": false, "p1_pass": false, "f1": true, "pool_oracle_auroc": 0.8220978796316127, "p2_pass": true, "f2": false, "mean_burnin_auroc": 0.7936213060509174, "verdict": "NEGATIVE"}
