{"exp": 147, "rung": "M4", "seed": 0, "rel_share": 0.6392805063384366, "spearman": 0.6558823529411765, "favorite": 3, "fav_col": 3, "fav_in_right": true, "occ_a": 0.0555, "occ_b": 0.0345, "p1a": false, "p1b": true, "p2": false, "fav_m": 0, "fav_m_col": 0, "fav_m_in_left": true, "p3": true, "spearman_m": 0.711764705882353}
{"exp": 147, "rung": "M4", "seed": 1, "rel_share": 0.6992399480584354, "spearman": 0.7970588235294117, "favorite": 15, "fav_col": 3, "fav_in_right": true, "occ_a": 0.091, "occ_b": 0.8505, "p1a": false, "p1b": true, "p2": true, "fav_m": 12, "fav_m_col": 0, "fav_m_in_left": true, "p3": true, "spearman_m": 0.7529411764705882}
{"exp": 147, "rung": "M4", "seed": 2, "rel_share": 0.6863681075972675, "spearman": 0.7176470588235294, "favorite": 3, "fav_col": 3, "fav_in_right": true, "occ_a": 0.0685, "occ_b": 0.797, "p1a": false, "p1b": true, "p2": true, "fav_m": 12, "fav_m_col": 0, "fav_m_in_left": true, "p3": true, "spearman_m": 0.6352941176470589}
{"exp": 147, "rung": "M4", "seed": 3, "rel_share": 0.6645613309286222, "spearman": 0.6941176470588235, "favorite": 15, "fav_col": 3, "fav_in_right": true, "occ_a": 0.06275, "occ_b": 0.665, "p1a": false, "p1b": true, "p2": true, "fav_m": 12, "fav_m_col": 0, "fav_m_in_left": true, "p3": true, "spearman_m": 0.7647058823529411}
{"exp": 147, "rung": "M4", "seed": 4, "rel_share": 0.6739903776060142, "spearman": 0.6941176470588235, "favorite": 15, "fav_col": 3, "fav_in_right": true, "occ_a": 0.06725, "occ_b": 0.722, "p1a": false, "p1b": true, "p2": true, "fav_m": 12, "fav_m_col": 0, "fav_m_in_left": true, "p3": true, "spearman_m": 0.6294117647058822}
{"exp": 147, "rung": "M4", "seed": 5, "rel_share": 0.6865652288564411, "spearman": 0.8617647058823529, "favorite": 3, "fav_col": 3, "fav_in_right": true, "occ_a": 0.0705, "occ_b": 0.775, "p1a": false, "p1b": true, "p2": true, "fav_m": 0, "fav_m_col": 0, "fav_m_in_left": true, "p3": true, "spearman_m": 0.8382352941176471}
{"exp": 147, "rung": "M4", "seed": 6, "rel_share": 0.6534098831190455, "spearman": 0.7205882352941175, "favorite": 15, "fav_col": 3, "fav_in_right": true, "occ_a": 0.06725, "occ_b": 0.792, "p1a": false, "p1b": true, "p2": true, "fav_m": 12, "fav_m_col": 0, "fav_m_in_left": true, "p3": true, "spearman_m": 0.8147058823529412}
{"exp": 147, "rung": "M4", "seed": 7, "rel_share": 0.6477443994382628, "spearman": 0.7529411764705882, "favorite": 15, "fav_col": 3, "fav_in_right": true, "occ_a": 0.0595, "occ_b": 0.6545, "p1a": false, "p1b": true, "p2": true, "fav_m": 0, "fav_m_col": 0, "fav_m_in_left": true, "p3": true, "spearman_m": 0.6352941176470589}
{"exp": 147, "rung": "M4", "seed": -1, "summary": true, "p1a_count": 0, "p1b_count": 8, "p1_holds": false, "p2_count": 7, "p2_holds": true, "p3_count": 8, "p3_holds": true, "verdict": "NEGATIVE"}
