{"exp": 156, "fork_seed": 10, "phase": "A", "steady_misloc_rate": 0.0, "steady_mean_surprise": 0.05042259863732429, "mean_entropy": 1.657861266955713e-296, "detector_events": 0, "ahat_drift": 0.023527582760637433, "max_window_mean": 2.8248016243945635, "mean_transient_b_to_a": 0.0}
{"exp": 156, "fork_seed": 10, "phase": "B", "steady_misloc_rate": 0.0, "steady_mean_surprise": 4.246948689343221, "mean_entropy": 1.657861266955713e-296, "B_steady_consistency_rate": null, "detector_events": 0, "ahat_drift": 0.023527582760637433, "max_window_mean": 2.8248016243945635, "mean_transient_a_to_b": NaN}
{"exp": 156, "fork_seed": 11, "phase": "A", "steady_misloc_rate": 0.0, "steady_mean_surprise": 0.043339926613756886, "mean_entropy": 1.657861266955713e-296, "detector_events": 0, "ahat_drift": 0.026520331382909348, "max_window_mean": 2.8991689844607635, "mean_transient_b_to_a": 0.0}
{"exp": 156, "fork_seed": 11, "phase": "B", "steady_misloc_rate": 0.0, "steady_mean_surprise": 4.201925725877054, "mean_entropy": 1.657861266955713e-296, "B_steady_consistency_rate": null, "detector_events": 0, "ahat_drift": 0.026520331382909348, "max_window_mean": 2.8991689844607635, "mean_transient_a_to_b": NaN}
{"exp": 156, "fork_seed": 12, "phase": "A", "steady_misloc_rate": 0.0, "steady_mean_surprise": 0.04922569535410698, "mean_entropy": 1.657861266955713e-296, "detector_events": 0, "ahat_drift": 0.02060196541915525, "max_window_mean": 2.8180394525409285, "mean_transient_b_to_a": 0.0}
{"exp": 156, "fork_seed": 12, "phase": "B", "steady_misloc_rate": 0.0, "steady_mean_surprise": 4.243720821392823, "mean_entropy": 1.657861266955713e-296, "B_steady_consistency_rate": null, "detector_events": 0, "ahat_drift": 0.02060196541915525, "max_window_mean": 2.8180394525409285, "mean_transient_a_to_b": NaN}
{"exp": 156, "fork_seed": 13, "phase": "A", "steady_misloc_rate": 0.0, "steady_mean_surprise": 0.04977316140472825, "mean_entropy": 1.657861266955713e-296, "detector_events": 0, "ahat_drift": 0.020481505044416478, "max_window_mean": 2.864400518467734, "mean_transient_b_to_a": 0.0}
{"exp": 156, "fork_seed": 13, "phase": "B", "steady_misloc_rate": 0.0, "steady_mean_surprise": 4.263661070686275, "mean_entropy": 1.657861266955713e-296, "B_steady_consistency_rate": null, "detector_events": 0, "ahat_drift": 0.020481505044416478, "max_window_mean": 2.864400518467734, "mean_transient_a_to_b": NaN}
{"exp": 156, "fork_seed": 14, "phase": "A", "steady_misloc_rate": 0.0, "steady_mean_surprise": 0.04871947555621431, "mean_entropy": 1.657861266955713e-296, "detector_events": 0, "ahat_drift": 0.019835355762705502, "max_window_mean": 2.976211195637699, "mean_transient_b_to_a": 0.0}
{"exp": 156, "fork_seed": 14, "phase": "B", "steady_misloc_rate": 0.0, "steady_mean_surprise": 4.256844141268304, "mean_entropy": 1.657861266955713e-296, "B_steady_consistency_rate": null, "detector_events": 0, "ahat_drift": 0.019835355762705502, "max_window_mean": 2.976211195637699, "mean_transient_a_to_b": NaN}
{"exp": 156, "fork_seed": 15, "phase": "A", "steady_misloc_rate": 0.0, "steady_mean_surprise": 0.050776976832927485, "mean_entropy": 1.657861266955713e-296, "detector_events": 0, "ahat_drift": 0.021084645243097458, "max_window_mean": 2.9108101625447116, "mean_transient_b_to_a": 0.0}
{"exp": 156, "fork_seed": 15, "phase": "B", "steady_misloc_rate": 0.0, "steady_mean_surprise": 4.242304934627343, "mean_entropy": 1.657861266955713e-296, "B_steady_consistency_rate": null, "detector_events": 0, "ahat_drift": 0.021084645243097458, "max_window_mean": 2.9108101625447116, "mean_transient_a_to_b": NaN}
{"exp": 156, "fork_seed": 16, "phase": "A", "steady_misloc_rate": 0.0, "steady_mean_surprise": 0.04639742049640007, "mean_entropy": 1.657861266955713e-296, "detector_events": 0, "ahat_drift": 0.022590050738164665, "max_window_mean": 2.9510805915389424, "mean_transient_b_to_a": 0.0}
{"exp": 156, "fork_seed": 16, "phase": "B", "steady_misloc_rate": 0.0, "steady_mean_surprise": 4.207437120091464, "mean_entropy": 1.657861266955713e-296, "B_steady_consistency_rate": null, "detector_events": 0, "ahat_drift": 0.022590050738164665, "max_window_mean": 2.9510805915389424, "mean_transient_a_to_b": NaN}
{"exp": 156, "fork_seed": 17, "phase": "A", "steady_misloc_rate": 0.0, "steady_mean_surprise": 0.047159926123983203, "mean_entropy": 1.657861266955713e-296, "detector_events": 0, "ahat_drift": 0.019738807421159965, "max_window_mean": 2.704588655939007, "mean_transient_b_to_a": 0.0}
{"exp": 156, "fork_seed": 17, "phase": "B", "steady_misloc_rate": 0.0, "steady_mean_surprise": 4.2119365490523935, "mean_entropy": 1.657861266955713e-296, "B_steady_consistency_rate": null, "detector_events": 0, "ahat_drift": 0.019738807421159965, "max_window_mean": 2.704588655939007, "mean_transient_a_to_b": NaN}
{"exp": 156, "row_type": "summary", "seeds": [10, 11, 12, 13, 14, 15, 16, 17], "p1_forks_pass": 0, "p1_pass": false, "f1_count": 8, "f1": true, "p2_forks_pass": 0, "pooled_consistency": null, "n_pooled_misloc": 0, "p2_pass": false, "f2": false, "p3_forks_pass": 0, "p3_pass": false, "f3_count": 8, "f3": true, "dilution_flag": false, "verdict": "NEGATIVE"}
