{"exp": 141, "rung": "M1", "arm": "wander", "seed": 0, "final_loc_median": 8.005932084973442e-16, "cov_frac": 1.0, "cont_nll_mean": 0.09236099363477138, "tab_nll_mean": 0.009241962407465937, "nll_gap": 0.08311903122730543, "map_correct_frac": 1.0, "max_escape": 4.440892098500626e-16}
{"exp": 141, "rung": "M1", "arm": "wall_stress", "seed": 0, "final_loc_median": 4.440892098500626e-16, "cov_frac": 1.0, "cont_nll_mean": 0.08656644677242929, "tab_nll_mean": 0.023104906018664842, "nll_gap": 0.06346154075376445, "map_correct_frac": 1.0, "max_escape": 4.440892098500626e-16}
{"exp": 141, "rung": "M1", "arm": "wander", "seed": 1, "final_loc_median": 7.021666937153402e-16, "cov_frac": 1.0, "cont_nll_mean": 0.09554743754416636, "tab_nll_mean": 0.009241962407465937, "nll_gap": 0.08630547513670042, "map_correct_frac": 1.0, "max_escape": 4.440892098500626e-16}
{"exp": 141, "rung": "M1", "arm": "wall_stress", "seed": 1, "final_loc_median": 4.440892098500626e-16, "cov_frac": 1.0, "cont_nll_mean": 0.08656644677242929, "tab_nll_mean": 0.023104906018664842, "nll_gap": 0.06346154075376445, "map_correct_frac": 1.0, "max_escape": 4.440892098500626e-16}
{"exp": 141, "rung": "M1", "arm": "wander", "seed": 2, "final_loc_median": 5.551115123125783e-16, "cov_frac": 1.0, "cont_nll_mean": 0.09569867750329474, "tab_nll_mean": 0.009241962407465937, "nll_gap": 0.08645671509582879, "map_correct_frac": 1.0, "max_escape": 4.440892098500626e-16}
{"exp": 141, "rung": "M1", "arm": "wall_stress", "seed": 2, "final_loc_median": 4.440892098500626e-16, "cov_frac": 1.0, "cont_nll_mean": 0.08656644677242929, "tab_nll_mean": 0.023104906018664842, "nll_gap": 0.06346154075376445, "map_correct_frac": 1.0, "max_escape": 4.440892098500626e-16}
{"exp": 141, "rung": "M1", "arm": "wander", "seed": 3, "final_loc_median": 6.661338147750939e-16, "cov_frac": 1.0, "cont_nll_mean": 0.09992360164505337, "tab_nll_mean": 0.009241962407465937, "nll_gap": 0.09068163923758743, "map_correct_frac": 1.0, "max_escape": 4.440892098500626e-16}
{"exp": 141, "rung": "M1", "arm": "wall_stress", "seed": 3, "final_loc_median": 4.440892098500626e-16, "cov_frac": 1.0, "cont_nll_mean": 0.08656644677242929, "tab_nll_mean": 0.023104906018664842, "nll_gap": 0.06346154075376445, "map_correct_frac": 1.0, "max_escape": 4.440892098500626e-16}
{"exp": 141, "rung": "M1", "arm": "wander", "seed": 4, "final_loc_median": 7.726767272357631e-16, "cov_frac": 1.0, "cont_nll_mean": 0.09587745366634269, "tab_nll_mean": 0.009241962407465937, "nll_gap": 0.08663549125887675, "map_correct_frac": 1.0, "max_escape": 4.440892098500626e-16}
{"exp": 141, "rung": "M1", "arm": "wall_stress", "seed": 4, "final_loc_median": 4.440892098500626e-16, "cov_frac": 1.0, "cont_nll_mean": 0.08656644677242929, "tab_nll_mean": 0.023104906018664842, "nll_gap": 0.06346154075376445, "map_correct_frac": 1.0, "max_escape": 4.440892098500626e-16}
{"exp": 141, "rung": "M1", "arm": "wander", "seed": 5, "final_loc_median": 6.661338147750939e-16, "cov_frac": 1.0, "cont_nll_mean": 0.09740345678144889, "tab_nll_mean": 0.009241962407465937, "nll_gap": 0.08816149437398295, "map_correct_frac": 1.0, "max_escape": 4.440892098500626e-16}
{"exp": 141, "rung": "M1", "arm": "wall_stress", "seed": 5, "final_loc_median": 4.440892098500626e-16, "cov_frac": 1.0, "cont_nll_mean": 0.08656644677242929, "tab_nll_mean": 0.023104906018664842, "nll_gap": 0.06346154075376445, "map_correct_frac": 1.0, "max_escape": 4.440892098500626e-16}
{"exp": 141, "rung": "M1", "arm": "wander", "seed": 6, "final_loc_median": 8.671119018262734e-16, "cov_frac": 1.0, "cont_nll_mean": 0.09704680349607442, "tab_nll_mean": 0.009241962407465937, "nll_gap": 0.08780484108860848, "map_correct_frac": 1.0, "max_escape": 4.440892098500626e-16}
{"exp": 141, "rung": "M1", "arm": "wall_stress", "seed": 6, "final_loc_median": 4.440892098500626e-16, "cov_frac": 1.0, "cont_nll_mean": 0.08656644677242929, "tab_nll_mean": 0.023104906018664842, "nll_gap": 0.06346154075376445, "map_correct_frac": 1.0, "max_escape": 4.440892098500626e-16}
{"exp": 141, "rung": "M1", "arm": "wander", "seed": 7, "final_loc_median": 7.928197189196159e-16, "cov_frac": 1.0, "cont_nll_mean": 0.09666873064820704, "tab_nll_mean": 0.009241962407465937, "nll_gap": 0.0874267682407411, "map_correct_frac": 1.0, "max_escape": 4.440892098500626e-16}
{"exp": 141, "rung": "M1", "arm": "wall_stress", "seed": 7, "final_loc_median": 4.440892098500626e-16, "cov_frac": 1.0, "cont_nll_mean": 0.08656644677242929, "tab_nll_mean": 0.023104906018664842, "nll_gap": 0.06346154075376445, "map_correct_frac": 1.0, "max_escape": 4.440892098500626e-16}
{"exp": 141, "rung": "M1", "arm": "summary", "seed": -1, "p1_loc_count": 8, "p1_map_count": 8, "p1_holds": true, "p2_wander_cov_count": 8, "p2_wall_cov_count": 8, "p2_no_escape": true, "p2_max_escape": 4.440892098500626e-16, "p2_holds": true, "p3_gap_count": 8, "p3_holds": true, "verdict": "POSITIVE", "falsifiers": []}
