{"exp": 162, "fork_seed": 58, "derangement": [1, 2, 0], "n_total": 4000, "ahat_drift": 0.020371718091411258, "n_windows_200": 39, "n_ok_200": 15, "n_noise_200": 15, "n_struct_200": 9, "frac_ok_200": 0.38461538461538464, "frac_noise_200": 0.38461538461538464, "frac_struct_200": 0.23076923076923078, "majority_200": "OK", "n_windows_800": 33, "n_ok_800": 0, "n_noise_800": 0, "n_struct_800": 33, "frac_ok_800": 0.0, "frac_noise_800": 0.0, "frac_struct_800": 1.0, "purity_counts": {"pure-A": 15, "pure-B": 15, "straddle": 9}, "purity_label_counts": {"pure-A": {"OK": 15, "NOISE": 0, "STRUCTURAL": 0}, "pure-B": {"OK": 0, "NOISE": 15, "STRUCTURAL": 0}, "straddle": {"OK": 0, "NOISE": 0, "STRUCTURAL": 9}}, "pooled_pure_b_err": 1.0, "ewma_auroc": 0.68109925}
{"exp": 162, "fork_seed": 59, "derangement": [1, 2, 0], "n_total": 4000, "ahat_drift": 0.023508046425485457, "n_windows_200": 39, "n_ok_200": 15, "n_noise_200": 15, "n_struct_200": 9, "frac_ok_200": 0.38461538461538464, "frac_noise_200": 0.38461538461538464, "frac_struct_200": 0.23076923076923078, "majority_200": "OK", "n_windows_800": 33, "n_ok_800": 0, "n_noise_800": 0, "n_struct_800": 33, "frac_ok_800": 0.0, "frac_noise_800": 0.0, "frac_struct_800": 1.0, "purity_counts": {"pure-A": 15, "pure-B": 15, "straddle": 9}, "purity_label_counts": {"pure-A": {"OK": 15, "NOISE": 0, "STRUCTURAL": 0}, "pure-B": {"OK": 0, "NOISE": 15, "STRUCTURAL": 0}, "straddle": {"OK": 0, "NOISE": 0, "STRUCTURAL": 9}}, "pooled_pure_b_err": 1.0, "ewma_auroc": 0.68640175}
{"exp": 162, "fork_seed": 60, "derangement": [2, 0, 1], "n_total": 4000, "ahat_drift": 0.022800268673430827, "n_windows_200": 39, "n_ok_200": 15, "n_noise_200": 15, "n_struct_200": 9, "frac_ok_200": 0.38461538461538464, "frac_noise_200": 0.38461538461538464, "frac_struct_200": 0.23076923076923078, "majority_200": "OK", "n_windows_800": 33, "n_ok_800": 0, "n_noise_800": 0, "n_struct_800": 33, "frac_ok_800": 0.0, "frac_noise_800": 0.0, "frac_struct_800": 1.0, "purity_counts": {"pure-A": 15, "pure-B": 15, "straddle": 9}, "purity_label_counts": {"pure-A": {"OK": 15, "NOISE": 0, "STRUCTURAL": 0}, "pure-B": {"OK": 0, "NOISE": 15, "STRUCTURAL": 0}, "straddle": {"OK": 0, "NOISE": 0, "STRUCTURAL": 9}}, "pooled_pure_b_err": 1.0, "ewma_auroc": 0.6883605}
{"exp": 162, "fork_seed": 61, "derangement": [1, 2, 0], "n_total": 4000, "ahat_drift": 0.018367057524909663, "n_windows_200": 39, "n_ok_200": 15, "n_noise_200": 15, "n_struct_200": 9, "frac_ok_200": 0.38461538461538464, "frac_noise_200": 0.38461538461538464, "frac_struct_200": 0.23076923076923078, "majority_200": "OK", "n_windows_800": 33, "n_ok_800": 0, "n_noise_800": 0, "n_struct_800": 33, "frac_ok_800": 0.0, "frac_noise_800": 0.0, "frac_struct_800": 1.0, "purity_counts": {"pure-A": 15, "pure-B": 15, "straddle": 9}, "purity_label_counts": {"pure-A": {"OK": 15, "NOISE": 0, "STRUCTURAL": 0}, "pure-B": {"OK": 0, "NOISE": 15, "STRUCTURAL": 0}, "straddle": {"OK": 0, "NOISE": 0, "STRUCTURAL": 9}}, "pooled_pure_b_err": 1.0, "ewma_auroc": 0.67395}
{"exp": 162, "fork_seed": 62, "derangement": [2, 0, 1], "n_total": 4000, "ahat_drift": 0.02425110560145233, "n_windows_200": 39, "n_ok_200": 15, "n_noise_200": 15, "n_struct_200": 9, "frac_ok_200": 0.38461538461538464, "frac_noise_200": 0.38461538461538464, "frac_struct_200": 0.23076923076923078, "majority_200": "OK", "n_windows_800": 33, "n_ok_800": 0, "n_noise_800": 0, "n_struct_800": 33, "frac_ok_800": 0.0, "frac_noise_800": 0.0, "frac_struct_800": 1.0, "purity_counts": {"pure-A": 15, "pure-B": 15, "straddle": 9}, "purity_label_counts": {"pure-A": {"OK": 15, "NOISE": 0, "STRUCTURAL": 0}, "pure-B": {"OK": 0, "NOISE": 15, "STRUCTURAL": 0}, "straddle": {"OK": 0, "NOISE": 0, "STRUCTURAL": 9}}, "pooled_pure_b_err": 1.0, "ewma_auroc": 0.69680025}
{"exp": 162, "fork_seed": 63, "derangement": [1, 2, 0], "n_total": 4000, "ahat_drift": 0.019625441306077632, "n_windows_200": 39, "n_ok_200": 15, "n_noise_200": 15, "n_struct_200": 9, "frac_ok_200": 0.38461538461538464, "frac_noise_200": 0.38461538461538464, "frac_struct_200": 0.23076923076923078, "majority_200": "OK", "n_windows_800": 33, "n_ok_800": 0, "n_noise_800": 0, "n_struct_800": 33, "frac_ok_800": 0.0, "frac_noise_800": 0.0, "frac_struct_800": 1.0, "purity_counts": {"pure-A": 15, "pure-B": 15, "straddle": 9}, "purity_label_counts": {"pure-A": {"OK": 15, "NOISE": 0, "STRUCTURAL": 0}, "pure-B": {"OK": 0, "NOISE": 15, "STRUCTURAL": 0}, "straddle": {"OK": 0, "NOISE": 0, "STRUCTURAL": 9}}, "pooled_pure_b_err": 1.0, "ewma_auroc": 0.68202175}
{"exp": 162, "fork_seed": 64, "derangement": [1, 2, 0], "n_total": 4000, "ahat_drift": 0.025095826040399862, "n_windows_200": 39, "n_ok_200": 15, "n_noise_200": 15, "n_struct_200": 9, "frac_ok_200": 0.38461538461538464, "frac_noise_200": 0.38461538461538464, "frac_struct_200": 0.23076923076923078, "majority_200": "OK", "n_windows_800": 33, "n_ok_800": 0, "n_noise_800": 0, "n_struct_800": 33, "frac_ok_800": 0.0, "frac_noise_800": 0.0, "frac_struct_800": 1.0, "purity_counts": {"pure-A": 15, "pure-B": 15, "straddle": 9}, "purity_label_counts": {"pure-A": {"OK": 15, "NOISE": 0, "STRUCTURAL": 0}, "pure-B": {"OK": 0, "NOISE": 15, "STRUCTURAL": 0}, "straddle": {"OK": 0, "NOISE": 0, "STRUCTURAL": 9}}, "pooled_pure_b_err": 1.0, "ewma_auroc": 0.71300125}
{"exp": 162, "fork_seed": 65, "derangement": [2, 0, 1], "n_total": 4000, "ahat_drift": 0.02005712482499563, "n_windows_200": 39, "n_ok_200": 15, "n_noise_200": 15, "n_struct_200": 9, "frac_ok_200": 0.38461538461538464, "frac_noise_200": 0.38461538461538464, "frac_struct_200": 0.23076923076923078, "majority_200": "OK", "n_windows_800": 33, "n_ok_800": 0, "n_noise_800": 0, "n_struct_800": 33, "frac_ok_800": 0.0, "frac_noise_800": 0.0, "frac_struct_800": 1.0, "purity_counts": {"pure-A": 15, "pure-B": 15, "straddle": 9}, "purity_label_counts": {"pure-A": {"OK": 15, "NOISE": 0, "STRUCTURAL": 0}, "pure-B": {"OK": 0, "NOISE": 15, "STRUCTURAL": 0}, "straddle": {"OK": 0, "NOISE": 0, "STRUCTURAL": 9}}, "pooled_pure_b_err": 1.0, "ewma_auroc": 0.685436}
{"exp": 162, "row_type": "summary", "total_windows_200": 312, "pooled_struct_frac_200": 0.23076923076923078, "pooled_noise_frac_200": 0.38461538461538464, "p1_forks_pass_count": 8, "p1_pass": true, "f1": false, "total_windows_800": 264, "pooled_struct_frac_800": 1.0, "p2_forks_pass_count": 8, "p2_pass": true, "f2": false, "p3_pass": true, "f3": false, "verdict": "POSITIVE"}
