{"exp": 154, "rung": "M3g", "arm": "normalized", "layout_seed": 7, "layout_idx": 1, "seed": 8, "plateau": 1.2005876868080063, "final_surprise": 0.26147910132410845, "drop": 0.9391085854838979, "p1_ceiling_events": 1300, "phase2_final_ceiling_events": 0, "final_comps_per_color": [4, 4, 1, 1], "jumps_kept": 2, "jumps_reverted": 0, "p1_final500_loc_median": 0.05280584591784738, "p2_final500_loc_median": 0.03359066091907216, "accepted_frac": 1.0, "mean_accepted_delta": 1.077223425341222, "total_attempted": 2, "total_accepted": 2, "color_ever_alarmed": [true, true, false, false], "color_kept_jump": [true, true, false, false], "color_final_mean_surprise": [0.01705825474274967, 0.004806126339411802, 0.5252238660339873, 0.5686913817463005]}
{"exp": 154, "rung": "M3g", "arm": "normalized", "layout_seed": 7, "layout_idx": 1, "seed": 9, "plateau": 1.2123457045507648, "final_surprise": 0.2989462558055413, "drop": 0.9133994487452235, "p1_ceiling_events": 701, "phase2_final_ceiling_events": 0, "final_comps_per_color": [4, 4, 1, 1], "jumps_kept": 2, "jumps_reverted": 0, "p1_final500_loc_median": 0.05230513951567907, "p2_final500_loc_median": 0.034991469827180426, "accepted_frac": 1.0, "mean_accepted_delta": 1.1900330683907758, "total_attempted": 2, "total_accepted": 2, "color_ever_alarmed": [true, true, false, false], "color_kept_jump": [true, true, false, false], "color_final_mean_surprise": [0.01717193744573498, 0.004666130973768521, 0.5570593069495634, 0.5623417711167752]}
{"exp": 154, "rung": "M3g", "arm": "normalized", "layout_seed": 7, "layout_idx": 1, "seed": 10, "plateau": 1.252031765520314, "final_surprise": 0.28785632548175344, "drop": 0.9641754400385605, "p1_ceiling_events": 928, "phase2_final_ceiling_events": 0, "final_comps_per_color": [4, 4, 1, 1], "jumps_kept": 2, "jumps_reverted": 0, "p1_final500_loc_median": 0.052945302883915364, "p2_final500_loc_median": 0.033636360855752945, "accepted_frac": 1.0, "mean_accepted_delta": 1.0262284429815145, "total_attempted": 2, "total_accepted": 2, "color_ever_alarmed": [true, true, false, false], "color_kept_jump": [true, true, false, false], "color_final_mean_surprise": [0.0185832749736747, 0.004375104998230508, 0.5421743588005777, 0.5716925958759401]}
{"exp": 154, "rung": "M3g", "arm": "normalized", "layout_seed": 7, "layout_idx": 1, "seed": 11, "plateau": 1.182496351488558, "final_surprise": 0.002934365234860998, "drop": 1.179561986253697, "p1_ceiling_events": 823, "phase2_final_ceiling_events": 0, "final_comps_per_color": [4, 4, 4, 1], "jumps_kept": 3, "jumps_reverted": 0, "p1_final500_loc_median": 0.05752515522851458, "p2_final500_loc_median": 0.030994109830373203, "accepted_frac": 1.0, "mean_accepted_delta": 0.9559949192336985, "total_attempted": 3, "total_accepted": 3, "color_ever_alarmed": [true, true, true, false], "color_kept_jump": [true, true, true, false], "color_final_mean_surprise": [0.007590929818384559, 0.0013348977020880162, 0.002517000264147251, 0.0]}
{"exp": 154, "rung": "M3g", "arm": "normalized", "layout_seed": 7, "layout_idx": 1, "seed": 12, "plateau": 1.2223068490493825, "final_surprise": 0.27179557538097115, "drop": 0.9505112736684114, "p1_ceiling_events": 1126, "phase2_final_ceiling_events": 0, "final_comps_per_color": [4, 4, 1, 1], "jumps_kept": 2, "jumps_reverted": 0, "p1_final500_loc_median": 0.0458534087434541, "p2_final500_loc_median": 0.03411012457915477, "accepted_frac": 1.0, "mean_accepted_delta": 1.1432423617472587, "total_attempted": 2, "total_accepted": 2, "color_ever_alarmed": [true, true, false, false], "color_kept_jump": [true, true, false, false], "color_final_mean_surprise": [0.017846101852791375, 0.0045073589158172635, 0.5075608307367033, 0.5786699274382625]}
{"exp": 154, "rung": "M3g", "arm": "normalized", "layout_seed": 7, "layout_idx": 1, "seed": 13, "plateau": 1.2310162162221205, "final_surprise": 0.26849748066000334, "drop": 0.9625187355621172, "p1_ceiling_events": 895, "phase2_final_ceiling_events": 0, "final_comps_per_color": [4, 4, 1, 1], "jumps_kept": 2, "jumps_reverted": 0, "p1_final500_loc_median": 0.050226692920316784, "p2_final500_loc_median": 0.03397141337329258, "accepted_frac": 1.0, "mean_accepted_delta": 1.149812161562509, "total_attempted": 2, "total_accepted": 2, "color_ever_alarmed": [true, true, false, false], "color_kept_jump": [true, true, false, false], "color_final_mean_surprise": [0.0166329272471331, 0.004610637164821479, 0.5009416568226454, 0.574524081760527]}
{"exp": 154, "rung": "M3g", "arm": "normalized", "layout_seed": 7, "layout_idx": 1, "seed": 14, "plateau": 1.1680060128407725, "final_surprise": 0.003258738451879971, "drop": 1.1647472743888925, "p1_ceiling_events": 828, "phase2_final_ceiling_events": 0, "final_comps_per_color": [4, 4, 4, 1], "jumps_kept": 3, "jumps_reverted": 0, "p1_final500_loc_median": 0.05518928216660417, "p2_final500_loc_median": 0.03042132396575241, "accepted_frac": 1.0, "mean_accepted_delta": 1.0250641100174416, "total_attempted": 3, "total_accepted": 3, "color_ever_alarmed": [true, true, true, false], "color_kept_jump": [true, true, true, false], "color_final_mean_surprise": [0.008297385225513355, 0.0012902688618329696, 0.003271645303738571, 0.0]}
{"exp": 154, "rung": "M3g", "arm": "normalized", "layout_seed": 7, "layout_idx": 1, "seed": 15, "plateau": 1.216001694841406, "final_surprise": 0.26715253981033404, "drop": 0.948849155031072, "p1_ceiling_events": 859, "phase2_final_ceiling_events": 0, "final_comps_per_color": [4, 4, 1, 1], "jumps_kept": 2, "jumps_reverted": 0, "p1_final500_loc_median": 0.04779710034871527, "p2_final500_loc_median": 0.03503446309894005, "accepted_frac": 1.0, "mean_accepted_delta": 1.1047622310316343, "total_attempted": 2, "total_accepted": 2, "color_ever_alarmed": [true, true, false, false], "color_kept_jump": [true, true, false, false], "color_final_mean_surprise": [0.016107912755965736, 0.005024575081874363, 0.5114628987565367, 0.5538952827646122]}
{"exp": 154, "rung": "M3g", "arm": "normalized", "layout_seed": 7, "layout_idx": 1, "seed": -1, "summary": true, "p1_holds": true, "p1_count": 8, "p1a_count": 8, "p1b_count": 8, "p1c_count": 8, "p2_holds": true, "pooled_acc_frac": 1.0, "total_attempted": 18, "total_accepted": 18, "p3_holds": true, "p3_count": 8}
{"exp": 154, "rung": "M3g", "arm": "normalized", "layout_seed": 11, "layout_idx": 2, "seed": 8, "plateau": 0.8873606444158008, "final_surprise": 0.132928448900595, "drop": 0.7544321955152058, "p1_ceiling_events": 615, "phase2_final_ceiling_events": 0, "final_comps_per_color": [4, 1, 4, 1], "jumps_kept": 2, "jumps_reverted": 0, "p1_final500_loc_median": 0.05261306800757044, "p2_final500_loc_median": 0.03569804573339098, "accepted_frac": 1.0, "mean_accepted_delta": 0.8510599620947301, "total_attempted": 2, "total_accepted": 2, "color_ever_alarmed": [true, false, true, false], "color_kept_jump": [true, false, true, false], "color_final_mean_surprise": [0.0042181132097218466, 0.38115693310007775, 0.003117210988866208, 0.14008859224640224]}
{"exp": 154, "rung": "M3g", "arm": "normalized", "layout_seed": 11, "layout_idx": 2, "seed": 9, "plateau": 0.9119924211773223, "final_surprise": 0.12670282796951246, "drop": 0.7852895932078098, "p1_ceiling_events": 522, "phase2_final_ceiling_events": 0, "final_comps_per_color": [4, 1, 4, 1], "jumps_kept": 2, "jumps_reverted": 0, "p1_final500_loc_median": 0.05239489912498185, "p2_final500_loc_median": 0.036027526614625445, "accepted_frac": 1.0, "mean_accepted_delta": 0.7592075251951873, "total_attempted": 2, "total_accepted": 2, "color_ever_alarmed": [true, false, true, false], "color_kept_jump": [true, false, true, false], "color_final_mean_surprise": [0.003690053366025887, 0.39178061953198595, 0.0027399517683727955, 0.13081904953138634]}
{"exp": 154, "rung": "M3g", "arm": "normalized", "layout_seed": 11, "layout_idx": 2, "seed": 10, "plateau": 0.9178934211934888, "final_surprise": 0.10502970124507809, "drop": 0.8128637199484108, "p1_ceiling_events": 519, "phase2_final_ceiling_events": 0,