{"exp": 143, "rung": "M3", "seed": 0, "p1_final500_loc_median": 0.04916157445313707, "p1_ceiling_events": 809, "p2_final1000_loc_median": 0.053071876588282316, "p2_final500_loc_median": 0.047487101927098686, "final_comps_per_color": [2, 1, 1, 1], "spawns_kept": 1, "spawns_reverted": 5, "phase2_final_ceiling_events": 607, "twin_final500_map_frac": 1.0}
{"exp": 143, "rung": "M3", "seed": 1, "p1_final500_loc_median": 0.05547460232417671, "p1_ceiling_events": 1003, "p2_final1000_loc_median": 0.05389490422240749, "p2_final500_loc_median": 0.0569876920863714, "final_comps_per_color": [1, 1, 1, 2], "spawns_kept": 1, "spawns_reverted": 7, "phase2_final_ceiling_events": 394, "twin_final500_map_frac": 1.0}
{"exp": 143, "rung": "M3", "seed": 2, "p1_final500_loc_median": 0.06110605528954546, "p1_ceiling_events": 1068, "p2_final1000_loc_median": 0.05151301594507482, "p2_final500_loc_median": 0.05019866214182008, "final_comps_per_color": [2, 1, 1, 1], "spawns_kept": 1, "spawns_reverted": 11, "phase2_final_ceiling_events": 449, "twin_final500_map_frac": 1.0}
{"exp": 143, "rung": "M3", "seed": 3, "p1_final500_loc_median": 0.05386205385263809, "p1_ceiling_events": 951, "p2_final1000_loc_median": 0.049719656341184915, "p2_final500_loc_median": 0.04997150133086645, "final_comps_per_color": [1, 1, 1, 1], "spawns_kept": 0, "spawns_reverted": 10, "phase2_final_ceiling_events": 406, "twin_final500_map_frac": 1.0}
{"exp": 143, "rung": "M3", "seed": 4, "p1_final500_loc_median": 0.0539160622539793, "p1_ceiling_events": 701, "p2_final1000_loc_median": 0.0529260096669172, "p2_final500_loc_median": 0.05074949040856905, "final_comps_per_color": [2, 1, 1, 1], "spawns_kept": 1, "spawns_reverted": 11, "phase2_final_ceiling_events": 531, "twin_final500_map_frac": 1.0}
{"exp": 143, "rung": "M3", "seed": 5, "p1_final500_loc_median": 0.04391213908742152, "p1_ceiling_events": 747, "p2_final1000_loc_median": 0.05186708564013026, "p2_final500_loc_median": 0.05304790333368613, "final_comps_per_color": [1, 1, 1, 1], "spawns_kept": 0, "spawns_reverted": 6, "phase2_final_ceiling_events": 452, "twin_final500_map_frac": 1.0}
{"exp": 143, "rung": "M3", "seed": 6, "p1_final500_loc_median": 0.058986148127173496, "p1_ceiling_events": 914, "p2_final1000_loc_median": 0.05034849787942413, "p2_final500_loc_median": 0.05101873327604026, "final_comps_per_color": [1, 1, 1, 1], "spawns_kept": 0, "spawns_reverted": 9, "phase2_final_ceiling_events": 597, "twin_final500_map_frac": 1.0}
{"exp": 143, "rung": "M3", "seed": 7, "p1_final500_loc_median": 0.051051603078669565, "p1_ceiling_events": 630, "p2_final1000_loc_median": 0.05487808709887495, "p2_final500_loc_median": 0.057491415658519535, "final_comps_per_color": [1, 1, 1, 1], "spawns_kept": 0, "spawns_reverted": 8, "phase2_final_ceiling_events": 412, "twin_final500_map_frac": 1.0}
{"exp": 143, "rung": "M3", "seed": -1, "summary": true, "p2a_wall_count": 0, "p2a_ceil_count": 8, "p2a_holds": false, "p2b_loc_count": 8, "p2b_comps_count": 0, "p2b_quiet_count": 0, "p2b_holds": false, "p3_count": 8, "p3_holds": true, "fail_a": false, "fail_b": false, "p3_fail": false, "verdict": "FINDING"}
