{"exp": 148, "rung": "M4b", "seed": 8, "rel_share": 0.6890100338255317, "twin_reliable_share": 0.8495334840713804, "gap": -0.1605234502458487, "spearman": 0.6794117647058824, "favorite": 3, "fav_col": 3, "fav_in_right": true, "occ_a": 0.058, "occ_b": 0.734, "p1a": false, "p1b": true, "p2": true, "fav_m": 12, "fav_m_col": 0, "fav_m_in_left": true, "p3": true, "spearman_m": 0.65}
{"exp": 148, "rung": "M4b", "seed": 9, "rel_share": 0.6589517251138722, "twin_reliable_share": 0.8466849936179962, "gap": -0.18773326850412397, "spearman": 0.7441176470588236, "favorite": 15, "fav_col": 3, "fav_in_right": true, "occ_a": 0.06225, "occ_b": 0.688, "p1a": false, "p1b": true, "p2": true, "fav_m": 0, "fav_m_col": 0, "fav_m_in_left": true, "p3": true, "spearman_m": 0.6588235294117648}
{"exp": 148, "rung": "M4b", "seed": 10, "rel_share": 0.6409617634893436, "twin_reliable_share": 0.8162059360645026, "gap": -0.175244172575159, "spearman": 0.6441176470588235, "favorite": 15, "fav_col": 3, "fav_in_right": true, "occ_a": 0.05575, "occ_b": 0.621, "p1a": false, "p1b": true, "p2": true, "fav_m": 12, "fav_m_col": 0, "fav_m_in_left": true, "p3": true, "spearman_m": 0.6794117647058824}
{"exp": 148, "rung": "M4b", "seed": 11, "rel_share": 0.6675967828408291, "twin_reliable_share": 0.8289023371446791, "gap": -0.16130555430384996, "spearman": 0.7823529411764706, "favorite": 15, "fav_col": 3, "fav_in_right": true, "occ_a": 0.06325, "occ_b": 0.786, "p1a": false, "p1b": true, "p2": true, "fav_m": 0, "fav_m_col": 0, "fav_m_in_left": true, "p3": true, "spearman_m": 0.8264705882352942}
{"exp": 148, "rung": "M4b", "seed": 12, "rel_share": 0.6955669743146314, "twin_reliable_share": 0.8561919283131948, "gap": -0.16062495399856336, "spearman": 0.7970588235294117, "favorite": 3, "fav_col": 3, "fav_in_right": true, "occ_a": 0.0845, "occ_b": 0.843, "p1a": false, "p1b": true, "p2": true, "fav_m": 0, "fav_m_col": 0, "fav_m_in_left": true, "p3": true, "spearman_m": 0.7323529411764707}
{"exp": 148, "rung": "M4b", "seed": 13, "rel_share": 0.697626430188825, "twin_reliable_share": 0.8632786738037685, "gap": -0.16565224361494357, "spearman": 0.75, "favorite": 3, "fav_col": 3, "fav_in_right": true, "occ_a": 0.07325, "occ_b": 0.852, "p1a": false, "p1b": true, "p2": true, "fav_m": 12, "fav_m_col": 0, "fav_m_in_left": true, "p3": true, "spearman_m": 0.6441176470588235}
{"exp": 148, "rung": "M4b", "seed": 14, "rel_share": 0.6484277504063441, "twin_reliable_share": 0.8350363580346831, "gap": -0.18660860762833897, "spearman": 0.8029411764705883, "favorite": 3, "fav_col": 3, "fav_in_right": true, "occ_a": 0.0805, "occ_b": 0.8395, "p1a": false, "p1b": true, "p2": true, "fav_m": 12, "fav_m_col": 0, "fav_m_in_left": true, "p3": true, "spearman_m": 0.7764705882352941}
{"exp": 148, "rung": "M4b", "seed": 15, "rel_share": 0.6392404778409828, "twin_reliable_share": 0.8280265978523739, "gap": -0.18878612001139106, "spearman": 0.4264705882352941, "favorite": 3, "fav_col": 3, "fav_in_right": true, "occ_a": 0.05425, "occ_b": 0.6175, "p1a": false, "p1b": false, "p2": true, "fav_m": 0, "fav_m_col": 0, "fav_m_in_left": true, "p3": true, "spearman_m": 0.6029411764705882}
{"exp": 148, "rung": "M4b", "seed": -1, "summary": true, "p1a_count": 0, "p1b_count": 7, "p1_holds": false, "p2_count": 8, "p2_holds": true, "p3_count": 8, "p3_holds": true, "verdict": "NEGATIVE"}
