{"exp": 142, "rung": "M2", "seed": 0, "tab_map_accuracy": 1.0, "mm_map_formed": 16, "mm_mean_map_error": 0.05702685699042716, "mm_final_loc_median": 0.04657383228976632, "naive_map_formed": 16, "naive_mean_map_error": 0.0716982607538044, "naive_mm_err_ratio": 1.2572718283569453}
{"exp": 142, "rung": "M2", "seed": 1, "tab_map_accuracy": 1.0, "mm_map_formed": 16, "mm_mean_map_error": 0.06397052527862788, "mm_final_loc_median": 0.04542542836767251, "naive_map_formed": 16, "naive_mean_map_error": 0.08415678736964127, "naive_mm_err_ratio": 1.3155556719769108}
{"exp": 142, "rung": "M2", "seed": 2, "tab_map_accuracy": 1.0, "mm_map_formed": 16, "mm_mean_map_error": 0.05884007880860326, "mm_final_loc_median": 0.04350190287222591, "naive_map_formed": 16, "naive_mean_map_error": 0.09088798708770537, "naive_mm_err_ratio": 1.544661205899273}
{"exp": 142, "rung": "M2", "seed": 3, "tab_map_accuracy": 1.0, "mm_map_formed": 16, "mm_mean_map_error": 0.061027977111604535, "mm_final_loc_median": 0.048114055987845336, "naive_map_formed": 16, "naive_mean_map_error": 0.09751543679129118, "naive_mm_err_ratio": 1.59788086393492}
{"exp": 142, "rung": "M2", "seed": 4, "tab_map_accuracy": 1.0, "mm_map_formed": 16, "mm_mean_map_error": 0.056886661053464516, "mm_final_loc_median": 0.042067215103497875, "naive_map_formed": 16, "naive_mean_map_error": 0.061589033220264516, "naive_mm_err_ratio": 1.0826621228899427}
{"exp": 142, "rung": "M2", "seed": 5, "tab_map_accuracy": 1.0, "mm_map_formed": 16, "mm_mean_map_error": 0.06554811027539434, "mm_final_loc_median": 0.05330743011099205, "naive_map_formed": 16, "naive_mean_map_error": 0.0997564758565308, "naive_mm_err_ratio": 1.5218817970100613}
{"exp": 142, "rung": "M2", "seed": 6, "tab_map_accuracy": 1.0, "mm_map_formed": 16, "mm_mean_map_error": 0.05410869126923028, "mm_final_loc_median": 0.03892079381230941, "naive_map_formed": 16, "naive_mean_map_error": 0.0757305673564066, "naive_mm_err_ratio": 1.399600795731534}
{"exp": 142, "rung": "M2", "seed": 7, "tab_map_accuracy": 1.0, "mm_map_formed": 16, "mm_mean_map_error": 0.05384028456402021, "mm_final_loc_median": 0.04276158685380618, "naive_map_formed": 16, "naive_mean_map_error": 0.07380954265371568, "naive_mm_err_ratio": 1.3708980784815596}
{"exp": 142, "rung": "M2", "seed": -1, "summary": true, "p1_count": 8, "p1_holds": true, "p2_count": 8, "p2_holds": true, "mean_mm_map_error": 0.05890614816892152, "mean_naive_map_error": 0.08189301138616997, "p3_ratio": 1.3902285912725179, "p3_holds": false, "verdict": "MIXED"}
