{"exp": 157, "fork_seed": 18, "n_total": 4000, "n_correct": 3044, "n_incorrect": 956, "auroc_new": 0.8020294399023526, "auroc_old": 0.5672816817774454, "ahat_drift": 0.016393808963556022, "detector_events": 6, "clean_acc": 1.0, "noisy_acc": 0.5399422521655438, "ewma_calibration_r": 0.9704198158220401, "terminal_ewma": [0.5525513506154403, 0.9995995473799412, 0.5655457083974935, 0.9999784822607262, 0.505831132269441, 0.999994329643314, 0.4314817905826761, 0.9998564433731174, 0.5623953498027252, 0.9999140473446129, 0.4806735085881052, 0.9995562851855304, 0.5915468568676168, 0.9997722225127583, 0.46651477951406084, 0.9998769181370266, 0.6499338030163558, 0.9998889186186665, 0.6014171253039307, 0.9993963818399733, 0.5237317904939012, 0.9997944308177644, 0.6375978684590425, 0.9996385915103969, 0.7084678427619494], "precondition_failed_class": false}
{"exp": 157, "fork_seed": 19, "n_total": 4000, "n_correct": 3078, "n_incorrect": 922, "auroc_new": 0.8007626018529089, "auroc_old": 0.5273376660901873, "ahat_drift": 0.015528559177098167, "detector_events": 10, "clean_acc": 1.0, "noisy_acc": 0.5509011203117389, "ewma_calibration_r": 0.9882152138927494, "terminal_ewma": [0.5245487561859611, 0.9999978602704768, 0.4564416393563404, 0.9995562851855304, 0.49385115366009336, 0.9999857246921307, 0.44173317368340553, 0.9999707278238975, 0.5027231301802909, 0.9990422550966125, 0.5560384725005355, 0.9999857246921307, 0.4979532241078919, 0.9998237501223808, 0.6353794884078767, 0.9997944308177644, 0.5387965481120303, 0.9993646124631298, 0.4482628197328741, 0.9996566619348771, 0.5551068708577229, 0.999258915250771, 0.46336055231248324, 0.9996738288381333, 0.5381952311187124], "precondition_failed_class": false}
{"exp": 157, "fork_seed": 20, "n_total": 4000, "n_correct": 3064, "n_incorrect": 936, "auroc_new": 0.8048229647854321, "auroc_old": 0.5787132344736783, "ahat_drift": 0.017879027102560507, "detector_events": 8, "clean_acc": 1.0, "noisy_acc": 0.5462918080465342, "ewma_calibration_r": 0.965479405671766, "terminal_ewma": [0.4335241744876639, 0.9990901423417818, 0.5265270431066835, 0.9988829334848958, 0.6227820434240565, 0.9998636212044616, 0.5460312414698811, 0.9998704401442385, 0.4568194274019537, 0.9992959694882325, 0.45122133084525434, 0.9998488877611762, 0.5306515492324079, 0.9999621699441227, 0.6024917880794078, 0.9999580830405791, 0.6952017416542828, 0.9999735818610676, 0.5590280926994223, 0.9999580830405791, 0.681266462070419, 0.9998944726877331, 0.6413697302600083, 0.9999511101216844, 0.5822013096666943], "precondition_failed_class": false}
{"exp": 157, "fork_seed": 21, "n_total": 4000, "n_correct": 3038, "n_incorrect": 962, "auroc_new": 0.8033355049484082, "auroc_old": 0.5752026650644162, "ahat_drift": 0.0174755069047543, "detector_events": 7, "clean_acc": 1.0, "noisy_acc": 0.5394925801819053, "ewma_calibration_r": 0.9543772868670307, "terminal_ewma": [0.4822395298640404, 0.9998047092768763, 0.55657070780404, 0.9993311710138209, 0.5440217678493469, 0.9998889186186665, 0.37328865974882885, 0.9998830722301753, 0.6068665964362988, 0.9997343315500898, 0.5181732027732808, 0.9997836113871205, 0.4555065159272691, 0.9999399760550448, 0.38279063240545363, 0.999258915250771, 0.7101529395934832, 0.9998889186186665, 0.5739472430609971, 0.9999795581476899, 0.5973662839037926, 0.9998237501223808, 0.5493029726419336, 0.9999621699441227, 0.7016454791947073], "precondition_failed_class": false}
{"exp": 157, "fork_seed": 22, "n_total": 4000, "n_correct": 3008, "n_incorrect": 992, "auroc_new": 0.8061637380962594, "auroc_old": 0.5733313315030886, "ahat_drift": 0.02011200652814893, "detector_events": 12, "clean_acc": 1.0, "noisy_acc": 0.5253588516746411, "ewma_calibration_r": 0.9709215274325679, "terminal_ewma": [0.6804359798542766, 0.9997343315500898, 0.5386214371443698, 0.9989918474701184, 0.5389451901465885, 0.9998564433731174, 0.3480373035451288, 0.9998769181370266, 0.48825431290223725, 0.9991356352246927, 0.48165159096992594, 0.9998704401442385, 0.43946594270393735, 0.9999735818610676, 0.5425451684693002, 0.9999095235206451, 0.47919294534100526, 0.9999511101216844, 0.574544518622573, 0.9999691871830501, 0.5695332278306763, 0.9995562851855304, 0.6241972622389181, 0.9999183449773822, 0.45876353334575143], "precondition_failed_class": false}
{"exp": 157, "fork_seed": 23, "n_total": 4000, "n_correct": 3057, "n_incorrect": 943, "auroc_new": 0.8019038064681965, "auroc_old": 0.5237205710795001, "ahat_drift": 0.016246237734559577, "detector_events": 5, "clean_acc": 1.0, "noisy_acc": 0.5444444444444444, "ewma_calibration_r": 0.963057866156681, "terminal_ewma": [0.5982102217842504, 0.999992671883719, 0.39855368514005884, 0.9999399760550448, 0.4666782638224062, 0.9999900310201016, 0.572369967142842, 0.9998889186186665, 0.6073855302698397, 0.9995784709262538, 0.6729220042944315, 0.9999640614469165, 0.6756828781308563, 0.9994265627479746, 0.4709572855913242, 0.9999140473446129, 0.47767156662791527, 0.9997056305264153, 0.5245142048462935, 0.9988829334848958, 0.6127469094821255, 0.9997722225127583, 0.44057877719847516, 0.9990901423417818, 0.6154738979621267], "precondition_failed_class": false}
{"exp": 157, "fork_seed": 24, "n_total": 4000, "n_correct": 3105, "n_incorrect": 895, "auroc_new": 0.7915274516683309, "auroc_old": 0.5697014186885453, "ahat_drift": 0.01746195569650877, "detector_events": 5, "clean_acc": 1.0, "noisy_acc": 0.576631977294229, "ewma_calibration_r": 0.9646945633766281, "terminal_ewma": [0.5274409067316588, 0.9997476149725854, 0.7024769317553721, 0.9995784709262538, 0.6253696920987799, 0.9999334914737339, 0.5267054538716318, 0.9997476149725854, 0.4299571304312011, 0.9998564433731174, 0.6020994715867801, 0.9996195700109441, 0.5454204361128054, 0.9999558768848201, 0.5112510647742875, 0.9995329317742425, 0.5918629988934908, 0.9999721914327027, 0.5878563851679696, 0.9999183449773822, 0.7089715315075125, 0.9996566619348771, 0.6283993726443973, 0.9998488877611762, 0.45878212867783474], "precondition_failed_class": false}
{"exp": 157, "fork_seed": 25, "n_total": 4000, "n_correct": 3083, "n_incorrect": 917, "auroc_new": 0.7987454330586949, "auroc_old": 0.5562455807359528, "ahat_drift": 0.016856519215196597, "detector_events": 6, "clean_acc": 1.0, "noisy_acc": 0.5589225589225589, "ewma_calibration_r": 0.9650059209122673, "terminal_ewma": [0.5523117260732001, 0.9996738288381333, 0.585000264956944, 0.9995995473799412, 0.5718647969669923, 0.9999334914737339, 0.5685390101634947, 0.9998237501223808, 0.4049215862610197, 0.9997944308177644, 0.7417345089037305, 0.9997056305264153, 0.6384815046028945, 0.9998704401442385, 0.5577651466288353, 0.9999183449773822, 0.5685026162483489, 0.9997836113871205, 0.5619956660891099, 0.9999399760550448, 0.4188036512593519, 0.9999095235206451, 0.617252076256789, 0.9999658583745707, 0.5393239373520166], "precondition_failed_class": false}
{"exp": 157, "row_type": "summary", "pooled_auroc_new": 0.8024850169955305, "pooled_auroc_old": 0.5593827306980224, "pooled_diff": 0.24310228629750819, "forks_new_above_thresh": 8, "forks_new_beats_old": 8, "p1_pass": true, "f1": false, "p2_pass": true, "f2": false, "verdict": "POSITIVE"}
