{"exp": 144, "rung": "M3b", "layout_seed": 7, "layout_idx": 1, "seed": 0, "plateau": 1.2624784794609494, "final_surprise": 1.5850086665762306, "drop": -0.32253018711528125, "p1_ceiling_events": 809, "phase2_final_ceiling_events": 192, "final_comps_per_color": [4, 1, 1, 1], "spawns_kept": 3, "spawns_reverted": 2, "p1_final500_loc_median": 0.04916157445313707, "p2_final500_loc_median": 0.04221792368074362, "p1_end_tr_ESigma": [1.738368654403102, 2.6779670002129308, 2.79156444834116, 1.4607905824822118], "true_scatter_traces": [1.875, 2.75, 2.9375, 1.6875], "twin_final500_map_frac": 1.0}
{"exp": 144, "rung": "M3b", "layout_seed": 7, "layout_idx": 1, "seed": 1, "plateau": 1.2340063083703772, "final_surprise": 1.3392378346457254, "drop": -0.10523152627534826, "p1_ceiling_events": 1003, "phase2_final_ceiling_events": 154, "final_comps_per_color": [4, 1, 1, 1], "spawns_kept": 3, "spawns_reverted": 5, "p1_final500_loc_median": 0.05547460232417671, "p2_final500_loc_median": 0.05076507579937707, "p1_end_tr_ESigma": [1.7406703416982001, 2.3576059295402887, 2.573816741036128, 1.623380032381261], "true_scatter_traces": [1.875, 2.75, 2.9375, 1.6875], "twin_final500_map_frac": 1.0}
{"exp": 144, "rung": "M3b", "layout_seed": 7, "layout_idx": 1, "seed": 2, "plateau": 1.2695931645571426, "final_surprise": 1.3626573023894502, "drop": -0.0930641378323076, "p1_ceiling_events": 1068, "phase2_final_ceiling_events": 139, "final_comps_per_color": [3, 1, 1, 1], "spawns_kept": 2, "spawns_reverted": 4, "p1_final500_loc_median": 0.06110605528954546, "p2_final500_loc_median": 0.04405518877151465, "p1_end_tr_ESigma": [1.8012177899197495, 2.6997122314001274, 2.8009542189679317, 1.7145385842401328], "true_scatter_traces": [1.875, 2.75, 2.9375, 1.6875], "twin_final500_map_frac": 1.0}
{"exp": 144, "rung": "M3b", "layout_seed": 7, "layout_idx": 1, "seed": 3, "plateau": 1.2854227243631093, "final_surprise": 1.3031506575886516, "drop": -0.017727933225542225, "p1_ceiling_events": 951, "phase2_final_ceiling_events": 353, "final_comps_per_color": [4, 1, 1, 1], "spawns_kept": 3, "spawns_reverted": 2, "p1_final500_loc_median": 0.05386205385263809, "p2_final500_loc_median": 0.048750959280501244, "p1_end_tr_ESigma": [1.8423776342018594, 2.5364210915284238, 2.8396716573064964, 1.5059629895067008], "true_scatter_traces": [1.875, 2.75, 2.9375, 1.6875], "twin_final500_map_frac": 1.0}
{"exp": 144, "rung": "M3b", "layout_seed": 7, "layout_idx": 1, "seed": 4, "plateau": 1.3267363112074493, "final_surprise": 1.3563694224385925, "drop": -0.029633111231143205, "p1_ceiling_events": 701, "phase2_final_ceiling_events": 263, "final_comps_per_color": [3, 1, 1, 1], "spawns_kept": 2, "spawns_reverted": 6, "p1_final500_loc_median": 0.0539160622539793, "p2_final500_loc_median": 0.05088997448330135, "p1_end_tr_ESigma": [1.7141619427888184, 2.587438270374667, 2.771176745180557, 1.664823212048789], "true_scatter_traces": [1.875, 2.75, 2.9375, 1.6875], "twin_final500_map_frac": 1.0}
{"exp": 144, "rung": "M3b", "layout_seed": 7, "layout_idx": 1, "seed": 5, "plateau": 1.2072927699155367, "final_surprise": 1.5588722608847432, "drop": -0.3515794909692065, "p1_ceiling_events": 747, "phase2_final_ceiling_events": 154, "final_comps_per_color": [5, 1, 1, 1], "spawns_kept": 4, "spawns_reverted": 1, "p1_final500_loc_median": 0.04391213908742152, "p2_final500_loc_median": 0.04060727651720576, "p1_end_tr_ESigma": [1.765720500252526, 2.502376397030374, 2.8646678157813055, 1.6366747702034354], "true_scatter_traces": [1.875, 2.75, 2.9375, 1.6875], "twin_final500_map_frac": 1.0}
{"exp": 144, "rung": "M3b", "layout_seed": 7, "layout_idx": 1, "seed": 6, "plateau": 1.2196349681369296, "final_surprise": 1.253700863360114, "drop": -0.034065895223184484, "p1_ceiling_events": 914, "phase2_final_ceiling_events": 352, "final_comps_per_color": [3, 1, 1, 1], "spawns_kept": 2, "spawns_reverted": 1, "p1_final500_loc_median": 0.058986148127173496, "p2_final500_loc_median": 0.04698900510927555, "p1_end_tr_ESigma": [1.7742571546588466, 2.7135501795811283, 2.6740103126829893, 1.7497800383591182], "true_scatter_traces": [1.875, 2.75, 2.9375, 1.6875], "twin_final500_map_frac": 1.0}
{"exp": 144, "rung": "M3b", "layout_seed": 7, "layout_idx": 1, "seed": 7, "plateau": 1.2663220450394133, "final_surprise": 1.4905274579680117, "drop": -0.2242054129285984, "p1_ceiling_events": 630, "phase2_final_ceiling_events": 133, "final_comps_per_color": [5, 1, 1, 1], "spawns_kept": 4, "spawns_reverted": 2, "p1_final500_loc_median": 0.051051603078669565, "p2_final500_loc_median": 0.04689834585788627, "p1_end_tr_ESigma": [1.8276400315819135, 2.5209485546922643, 2.8342987207397905, 1.4825990000000886], "true_scatter_traces": [1.875, 2.75, 2.9375, 1.6875], "twin_final500_map_frac": 1.0}
{"exp": 144, "rung": "M3b", "layout_seed": 11, "layout_idx": 2, "seed": 0, "plateau": 1.152187246733797, "final_surprise": 1.1353524241069732, "drop": 0.016834822626823787, "p1_ceiling_events": 267, "phase2_final_ceiling_events": 293, "final_comps_per_color": [1, 1, 1, 1], "spawns_kept": 0, "spawns_reverted": 5, "p1_final500_loc_median": 0.04927090492608725, "p2_final500_loc_median": 0.04826019595675379, "p1_end_tr_ESigma": [1.9832363451832158, 0.6524216471586262, 3.0096189818783845, 2.4679881179615073], "true_scatter_traces": [2.1875, 0.6875, 2.9375, 2.4375], "twin_final500_map_frac": 1.0}
{"exp": 144, "rung": "M3b", "layout_seed": 11, "layout_idx": 2, "seed": 1, "plateau": 0.9111777347284705, "final_surprise": 1.0244812493511628, "drop": -0.11330351462269228, "p1_ceiling_events": 438, "phase2_final_ceiling_events": 206, "final_comps_per_color": [1, 1, 1, 1], "spawns_kept": 0, "spawns_reverted": 3, "p1_final500_loc_median": 0.05966591743370184, "p2_final500_loc_median": 0.05802581917331397, "p1_end_tr_ESigma": [1.7286924646371764, 0.6816666164915525, 2.358079337881059, 1.4263242866717047], "true_scatter_traces": [2.1875, 0.6875, 2.9375, 2.4375], "twin_final500_map_frac": 1.0}
{"exp": 144, "rung": "M3b", "layout_seed": 11, "layout_idx": 2, "seed": 2, "plateau": 1.044343887482705, "final_surprise": 1.1110192583826108, "drop": -0.06667537089990594, "p1_ceiling_events": 201, "phase2_final_ceiling_events": 221, "final_comps_per_color": [1, 1, 1, 1], "spawns_kept": 0, "spawns_reverted": 2, "p1_final500_loc_median": 0.06180313148096635, "p2_final500_loc_median": 0.05050034394642121, "p1_end_tr_ESigma": [1.8748203545548132, 0.6447788957299097, 2.8197207685538133, 2.1017948199997303], "true_scatter_traces": [2.1875, 0.6875, 2.9375, 2.4375], "twin_final500_map_frac": 1.0}
{"exp": 144, "rung": "M3b", "layout_seed": 11, "layout_idx": 2, "seed": 3, "plateau": 1.142759390705387, "final_surprise": 1.0776430431351451, "drop": 0.06511634757024187, "p1_ceiling_events": 284, "phase2_final_ceiling_events": 266, "final_comps_per_color": [1, 1, 1, 1], "spawns_kept": 0, "spawns_reverted": 5, "p1_final500_loc_median": 0.05329334423666912, "p2_final500_loc_median": 0.05058391968564268, "p1_end_tr_ESigma": [2.074188557180699, 0.6569502037343624, 2.8060152522781503, 2.2908948569242185], "true_scatter_traces": [2.1875, 0.6875, 2.9375, 2.4375], "twin_final500_map_frac": 1.0}
{"exp": 144, "rung": "M3b", "layout_seed": 11, "layout_idx": 2, "seed": 4, "plateau": 1.043829819038132, "final_surprise": 1.106283064780007, "drop": -0.06245324574187494, "p1_ceiling_events": 487, "phase2_final_ceiling_events": 173, "final_comps_per_color": [1, 1, 1, 1], "spawns_kept": 0, "spawns_reverted": 6, "p1_final500_loc_median": 0.05353795917582518, "p2_final500_loc_median": 0.051932990530325164, "p1_end_tr_ESigma": [2.086775570601982, 0.6236226609597635, 2.662816085929794, 2.1737304363217222], "true_scatter_traces": [2.1875, 0.6875, 2.9375, 2.4375], "twin_final500_map_frac": 1.0}
{"exp": 144, "rung": "M3b", "layout_seed": 11, "layout_idx": 2, "seed": 5, "plateau": 1.1306461179277727, "final_surprise": 1.1387799882542362, "drop": -0.00813387032646351, "p1_ceiling_events": 288, "phase2_final_ceiling_events": 129,