{"exp": 145, "rung": "M3c", "layout_seed": 7, "layout_idx": 1, "seed": 0, "plateau": 1.2624784794609494, "final_surprise": 1.3226332616809464, "drop": -0.06015478221999704, "p1_ceiling_events": 809, "phase2_final_ceiling_events": 340, "final_comps_per_color": [1, 2, 1, 1], "spawns_kept": 1, "spawns_reverted": 19, "p1_final500_loc_median": 0.04916157445313707, "p2_final500_loc_median": 0.04925002721005818, "sustained_benefit_frac": 1.0, "total_kept": 1, "color_attempt_counts": [5, 5, 5, 5], "twin_final500_map_frac": 1.0}
{"exp": 145, "rung": "M3c", "layout_seed": 7, "layout_idx": 1, "seed": 1, "plateau": 1.2340063083703772, "final_surprise": 1.3180797320373199, "drop": -0.0840734236669427, "p1_ceiling_events": 1003, "phase2_final_ceiling_events": 289, "final_comps_per_color": [2, 1, 1, 1], "spawns_kept": 1, "spawns_reverted": 19, "p1_final500_loc_median": 0.05547460232417671, "p2_final500_loc_median": 0.05117040973362148, "sustained_benefit_frac": 0.0, "total_kept": 1, "color_attempt_counts": [5, 5, 5, 5], "twin_final500_map_frac": 1.0}
{"exp": 145, "rung": "M3c", "layout_seed": 7, "layout_idx": 1, "seed": 2, "plateau": 1.2695931645571426, "final_surprise": 1.338323063143414, "drop": -0.06872989858627143, "p1_ceiling_events": 1068, "phase2_final_ceiling_events": 397, "final_comps_per_color": [1, 1, 1, 1], "spawns_kept": 0, "spawns_reverted": 20, "p1_final500_loc_median": 0.06110605528954546, "p2_final500_loc_median": 0.04780973523984927, "sustained_benefit_frac": null, "total_kept": 0, "color_attempt_counts": [5, 5, 5, 5], "twin_final500_map_frac": 1.0}
{"exp": 145, "rung": "M3c", "layout_seed": 7, "layout_idx": 1, "seed": 3, "plateau": 1.2854227243631093, "final_surprise": 1.3662299593016733, "drop": -0.08080723493856401, "p1_ceiling_events": 951, "phase2_final_ceiling_events": 346, "final_comps_per_color": [1, 1, 1, 1], "spawns_kept": 0, "spawns_reverted": 20, "p1_final500_loc_median": 0.05386205385263809, "p2_final500_loc_median": 0.05297148955650692, "sustained_benefit_frac": null, "total_kept": 0, "color_attempt_counts": [5, 5, 5, 5], "twin_final500_map_frac": 1.0}
{"exp": 145, "rung": "M3c", "layout_seed": 7, "layout_idx": 1, "seed": 4, "plateau": 1.3267363112074493, "final_surprise": 1.3209388328322416, "drop": 0.005797478375207721, "p1_ceiling_events": 701, "phase2_final_ceiling_events": 321, "final_comps_per_color": [1, 1, 1, 1], "spawns_kept": 0, "spawns_reverted": 20, "p1_final500_loc_median": 0.0539160622539793, "p2_final500_loc_median": 0.054626854867598745, "sustained_benefit_frac": null, "total_kept": 0, "color_attempt_counts": [5, 5, 5, 5], "twin_final500_map_frac": 1.0}
{"exp": 145, "rung": "M3c", "layout_seed": 7, "layout_idx": 1, "seed": 5, "plateau": 1.2072927699155367, "final_surprise": 1.300731383129217, "drop": -0.09343861321368041, "p1_ceiling_events": 747, "phase2_final_ceiling_events": 348, "final_comps_per_color": [2, 1, 1, 1], "spawns_kept": 1, "spawns_reverted": 19, "p1_final500_loc_median": 0.04391213908742152, "p2_final500_loc_median": 0.04802582251019891, "sustained_benefit_frac": 1.0, "total_kept": 1, "color_attempt_counts": [5, 5, 5, 5], "twin_final500_map_frac": 1.0}
{"exp": 145, "rung": "M3c", "layout_seed": 7, "layout_idx": 1, "seed": 6, "plateau": 1.2196349681369296, "final_surprise": 1.5187076123661454, "drop": -0.29907264422921576, "p1_ceiling_events": 914, "phase2_final_ceiling_events": 171, "final_comps_per_color": [2, 1, 1, 1], "spawns_kept": 1, "spawns_reverted": 19, "p1_final500_loc_median": 0.058986148127173496, "p2_final500_loc_median": 0.04286931860096257, "sustained_benefit_frac": 1.0, "total_kept": 1, "color_attempt_counts": [5, 5, 5, 5], "twin_final500_map_frac": 1.0}
{"exp": 145, "rung": "M3c", "layout_seed": 7, "layout_idx": 1, "seed": 7, "plateau": 1.2663220450394133, "final_surprise": 1.35249705536343, "drop": -0.08617501032401664, "p1_ceiling_events": 630, "phase2_final_ceiling_events": 170, "final_comps_per_color": [1, 1, 1, 1], "spawns_kept": 0, "spawns_reverted": 20, "p1_final500_loc_median": 0.051051603078669565, "p2_final500_loc_median": 0.04702659332708775, "sustained_benefit_frac": null, "total_kept": 0, "color_attempt_counts": [5, 5, 5, 5], "twin_final500_map_frac": 1.0}
{"exp": 145, "rung": "M3c", "layout_seed": 11, "layout_idx": 2, "seed": 0, "plateau": 1.152187246733797, "final_surprise": 1.2003419421629953, "drop": -0.04815469542919826, "p1_ceiling_events": 267, "phase2_final_ceiling_events": 155, "final_comps_per_color": [1, 1, 1, 1], "spawns_kept": 0, "spawns_reverted": 20, "p1_final500_loc_median": 0.04927090492608725, "p2_final500_loc_median": 0.04840448217857812, "sustained_benefit_frac": null, "total_kept": 0, "color_attempt_counts": [6, 6, 4, 4], "twin_final500_map_frac": 1.0}
{"exp": 145, "rung": "M3c", "layout_seed": 11, "layout_idx": 2, "seed": 1, "plateau": 0.9111777347284705, "final_surprise": 1.3777934498100812, "drop": -0.4666157150816107, "p1_ceiling_events": 438, "phase2_final_ceiling_events": 59, "final_comps_per_color": [3, 1, 1, 1], "spawns_kept": 2, "spawns_reverted": 18, "p1_final500_loc_median": 0.05966591743370184, "p2_final500_loc_median": 0.04394599768469261, "sustained_benefit_frac": 1.0, "total_kept": 2, "color_attempt_counts": [5, 6, 5, 4], "twin_final500_map_frac": 1.0}
{"exp": 145, "rung": "M3c", "layout_seed": 11, "layout_idx": 2, "seed": 2, "plateau": 1.044343887482705, "final_surprise": 1.3027192544696162, "drop": -0.2583753669869113, "p1_ceiling_events": 201, "phase2_final_ceiling_events": 238, "final_comps_per_color": [2, 1, 1, 1], "spawns_kept": 1, "spawns_reverted": 19, "p1_final500_loc_median": 0.06180313148096635, "p2_final500_loc_median": 0.04832740568663568, "sustained_benefit_frac": 1.0, "total_kept": 1, "color_attempt_counts": [5, 6, 3, 6], "twin_final500_map_frac": 1.0}
{"exp": 145, "rung": "M3c", "layout_seed": 11, "layout_idx": 2, "seed": 3, "plateau": 1.142759390705387, "final_surprise": 1.6253513814788763, "drop": -0.48259199077348924, "p1_ceiling_events": 284, "phase2_final_ceiling_events": 137, "final_comps_per_color": [2, 1, 1, 1], "spawns_kept": 1, "spawns_reverted": 19, "p1_final500_loc_median": 0.05329334423666912, "p2_final500_loc_median": 0.04573161827146982, "sustained_benefit_frac": 1.0, "total_kept": 1, "color_attempt_counts": [5, 7, 4, 4], "twin_final500_map_frac": 1.0}
{"exp": 145, "rung": "M3c", "layout_seed": 11, "layout_idx": 2, "seed": 4, "plateau": 1.043829819038132, "final_surprise": 1.3282385907485061, "drop": -0.28440877171037404, "p1_ceiling_events": 487, "phase2_final_ceiling_events": 175, "final_comps_per_color": [2, 1, 2, 1], "spawns_kept": 2, "spawns_reverted": 18, "p1_final500_loc_median": 0.05353795917582518, "p2_final500_loc_median": 0.04628076724383613, "sustained_benefit_frac": 0.5, "total_kept": 2, "color_attempt_counts": [5, 6, 4, 5], "twin_final500_map_frac": 1.0}
{"exp": 145, "rung": "M3c", "layout_seed": 11, "layout_idx": 2, "seed": 5, "plateau": 1.1306461179277727, "final_surprise": 1.5270508107632752, "drop": -0.3964046928355025, "p1_ceiling_events": 288, "phase2_final_ceiling_events": 103, "final_comps_per_color": [2, 1, 1, 1], "spawns_kept": 1, "spawns_reverted": 19, "p1_final500_loc_median": 0.04378736548994577, "p2_final500_loc_median": 0.042952541918895595, "sustained_benefit_frac": 1.0, "total_kept": 1, "color_attempt_counts": [5, 6, 4, 5], "twin_final500_map_frac": 1.0}
{"exp": 145, "rung": "M3c", "layout_seed": 11, "layout_idx": 2, "seed": 6, "plateau": 0.9248676092994926, "final_surprise": 1.1476882970350384, "drop": -0.22282068773554575, "p1_ceiling_events": 279, "phase2_final_ceiling_events": 276, "final_comps_per_color": [1, 1, 1, 1], "spawns_kept": 0, "spawns_reverted": 20, "p1_final500_loc_median": 0.05761258406043735, "p2_final500_loc_median": 0.04568921671530327, "sustained_benefit_frac": null, "total_kept": 0, "color_attempt_counts": [5, 6, 4, 5], "twin_final500_map_frac": 1.0}
{"exp": 145, "rung": "M3c", "layout_seed": 11, "layout_idx": 2, "seed": 7, "plateau": 1.0869550068278744,