{
  "experiment": "exp197",
  "verdict": "POSITIVE-MIXED",
  "token": "POSITIVE",
  "predicates": {
    "P1": true,
    "P2": true,
    "P3": true,
    "P4": true,
    "P5": true,
    "SB": true
  },
  "valid_seeds": [
    8,
    9,
    10,
    11,
    12
  ],
  "per_seed": {
    "8": {
      "valid": true,
      "ctrl_living_active_fraction": 0.09714285714285714,
      "trt_living_active_fraction": 0.5223880597014925,
      "ctrl_living_mean_intensity": 0.021041680785727716,
      "trt_living_mean_intensity": 0.04784294559539326,
      "ctrl_newborn_mean_intensity": 0.0334313499743275,
      "trt_newborn_mean_intensity": 0.04218562843369986,
      "ctrl_mean_tolerance": 0.11301491172823012,
      "trt_mean_tolerance": 0.014791385421759859,
      "liv_gap": 0.42524520255863535,
      "new_gap": 0.008754278459372357,
      "ctrl_final_pop": 525,
      "trt_final_pop": 67,
      "ctrl_final_food": 0.2063793251987188,
      "trt_final_food": 0.6279314691001494,
      "ctrl_events_hash": "14501734c7ce9f57ef25761fd1e1bbcdac67f226c78ec0f77b29d3a337c3cd8e",
      "trt_events_hash": "a0fbe734bf7e70ba71644b498fb2a2d0b1cede60c0bdf5a3dc9bb7d648e03f65"
    },
    "9": {
      "valid": true,
      "ctrl_living_active_fraction": 0.05534351145038168,
      "trt_living_active_fraction": 0.5285714285714286,
      "ctrl_living_mean_intensity": 0.016250414270910712,
      "trt_living_mean_intensity": 0.04744797429515575,
      "ctrl_newborn_mean_intensity": 0.03199249005406643,
      "trt_newborn_mean_intensity": 0.04617882815002782,
      "ctrl_mean_tolerance": 0.1469523545455277,
      "trt_mean_tolerance": 0.01794103750252855,
      "liv_gap": 0.4732279171210469,
      "new_gap": 0.014186338095961391,
      "ctrl_final_pop": 524,
      "trt_final_pop": 70,
      "ctrl_final_food": 0.21307561725742785,
      "trt_final_food": 1.0290790267898002,
      "ctrl_events_hash": "b19cb435bb8b5ddde9ac1244f9d2b48d80dbe3229d561a3096af78e812860e00",
      "trt_events_hash": "d911d0d080cfdbd213fece4a681ba2eda649a3f550a910a06e3f682d2a09f629"
    },
    "10": {
      "valid": true,
      "ctrl_living_active_fraction": 0.04805914972273567,
      "trt_living_active_fraction": 0.5194805194805194,
      "ctrl_living_mean_intensity": 0.013913106268185316,
      "trt_living_mean_intensity": 0.05442870121865264,
      "ctrl_newborn_mean_intensity": 0.027741594347988174,
      "trt_newborn_mean_intensity": 0.049991462958021315,
      "ctrl_mean_tolerance": 0.22949802603408545,
      "trt_mean_tolerance": 0.0344271595436422,
      "liv_gap": 0.47142136975778376,
      "new_gap": 0.02224986861003314,
      "ctrl_final_pop": 541,
      "trt_final_pop": 77,
      "ctrl_final_food": 0.2125,
      "trt_final_food": 0.6152777777777777,
      "ctrl_events_hash": "9907de1840d957d2ba9a0db39c3a2d643132fdae6924b41f72e8c4dd6ad7736e",
      "trt_events_hash": "9feff87e79d81870dcebad7241bf3e0f83752d326ddd8c7ec1798fa0a6377df1"
    },
    "11": {
      "valid": true,
      "ctrl_living_active_fraction": 0.02912621359223301,
      "trt_living_active_fraction": 0.49295774647887325,
      "ctrl_living_mean_intensity": 0.01278171252442554,
      "trt_living_mean_intensity": 0.04479778838163229,
      "ctrl_newborn_mean_intensity": 0.030023858448327518,
      "trt_newborn_mean_intensity": 0.04195157611671733,
      "ctrl_mean_tolerance": 0.13588917730899455,
      "trt_mean_tolerance": 0.014535069174247146,
      "liv_gap": 0.46383153288664025,
      "new_gap": 0.01192771766838981,
      "ctrl_final_pop": 515,
      "trt_final_pop": 71,
      "ctrl_final_food": 0.20680555555555555,
      "trt_final_food": 0.7569469064304997,
      "ctrl_events_hash": "2bcbc7ad6c29efa0916a4dafa2f243467a35993cf76d583f534e298c7033667e",
      "trt_events_hash": "ce4c3c8ba0a1df2eabd155f5cbd0727b321c43016690fd94d6fe1e994d2cbe45"
    },
    "12": {
      "valid": true,
      "ctrl_living_active_fraction": 0.07335907335907337,
      "trt_living_active_fraction": 0.5,
      "ctrl_living_mean_intensity": 0.015828180334136143,
      "trt_living_mean_intensity": 0.04344296064659621,
      "ctrl_newborn_mean_intensity": 0.030529074430679558,
      "trt_newborn_mean_intensity": 0.0435010365903887,
      "ctrl_mean_tolerance": 0.05677500645689399,
      "trt_mean_tolerance": 0.016553880169955976,
      "liv_gap": 0.4266409266409266,
      "new_gap": 0.012971962159709145,
      "ctrl_final_pop": 518,
      "trt_final_pop": 68,
      "ctrl_final_food": 0.2111111111111111,
      "trt_final_food": 0.6960699467590036,
      "ctrl_events_hash": "cf0ead9035f0ea7ce11fa688ff83b5624ff1ccfa67e81fbada93506a40334319",
      "trt_events_hash": "10490d1099007ebfd83070a3b97166adee36f190782a0c4809aba90a928d8f6e"
    }
  }
}