{
  "experiment": "exp198_n5_thermosense_attractor",
  "seeds": [
    13,
    14,
    15,
    16,
    17
  ],
  "valid_seeds": [
    13,
    14,
    15,
    16,
    17
  ],
  "per_seed": {
    "13": {
      "A_end": 0.04882779090514009,
      "B_end": 0.047878508042538244,
      "C_end": 0.030333780418876112,
      "D_end": 0.02874929071545612,
      "A_minus_C": 0.01849401048626398,
      "abs_A_minus_B": 0.0009492828626018468,
      "abs_C_minus_D": 0.0015844897034199903,
      "valid": true,
      "A_reached_horizon": true,
      "B_reached_horizon": true,
      "C_reached_horizon": true,
      "D_reached_horizon": true,
      "A_final_pop": 88,
      "B_final_pop": 85,
      "C_final_pop": 548,
      "D_final_pop": 524,
      "P3_this_seed": true,
      "P4_this_seed": true,
      "P5_this_seed": true
    },
    "14": {
      "A_end": 0.04163792045447258,
      "B_end": 0.03945069760253885,
      "C_end": 0.028604543524044942,
      "D_end": 0.03393666847441343,
      "A_minus_C": 0.013033376930427637,
      "abs_A_minus_B": 0.0021872228519337275,
      "abs_C_minus_D": 0.005332124950368486,
      "valid": true,
      "A_reached_horizon": true,
      "B_reached_horizon": true,
      "C_reached_horizon": true,
      "D_reached_horizon": true,
      "A_final_pop": 85,
      "B_final_pop": 83,
      "C_final_pop": 516,
      "D_final_pop": 523,
      "P3_this_seed": true,
      "P4_this_seed": true,
      "P5_this_seed": true
    },
    "15": {
      "A_end": 0.047239144685125536,
      "B_end": 0.042106379570216595,
      "C_end": 0.029940012546381498,
      "D_end": 0.027668302115360418,
      "A_minus_C": 0.01729913213874404,
      "abs_A_minus_B": 0.005132765114908941,
      "abs_C_minus_D": 0.0022717104310210796,
      "valid": true,
      "A_reached_horizon": true,
      "B_reached_horizon": true,
      "C_reached_horizon": true,
      "D_reached_horizon": true,
      "A_final_pop": 86,
      "B_final_pop": 86,
      "C_final_pop": 496,
      "D_final_pop": 496,
      "P3_this_seed": true,
      "P4_this_seed": true,
      "P5_this_seed": true
    },
    "16": {
      "A_end": 0.04564455247102751,
      "B_end": 0.04184781623308503,
      "C_end": 0.029037984772656792,
      "D_end": 0.03308512919740858,
      "A_minus_C": 0.016606567698370715,
      "abs_A_minus_B": 0.0037967362379424732,
      "abs_C_minus_D": 0.004047144424751788,
      "valid": true,
      "A_reached_horizon": true,
      "B_reached_horizon": true,
      "C_reached_horizon": true,
      "D_reached_horizon": true,
      "A_final_pop": 93,
      "B_final_pop": 94,
      "C_final_pop": 512,
      "D_final_pop": 506,
      "P3_this_seed": true,
      "P4_this_seed": true,
      "P5_this_seed": true
    },
    "17": {
      "A_end": 0.05159336381137245,
      "B_end": NaN,
      "C_end": 0.02804075725936061,
      "D_end": 0.03141838728025653,
      "A_minus_C": 0.023552606552011843,
      "abs_A_minus_B": NaN,
      "abs_C_minus_D": 0.0033776300208959234,
      "valid": true,
      "A_reached_horizon": true,
      "B_reached_horizon": true,
      "C_reached_horizon": true,
      "D_reached_horizon": true,
      "A_final_pop": 89,
      "B_final_pop": 1,
      "C_final_pop": 555,
      "D_final_pop": 517,
      "P3_this_seed": true,
      "P4_this_seed": false,
      "P5_this_seed": false
    }
  },
  "P1": true,
  "P2": true,
  "P3": true,
  "P4": true,
  "P5": false,
  "runaway": false,
  "verdict": "REINTERPRET-RUNAWAY",
  "token": "MIXED"
}