{
  "arm": "control",
  "seed": 5,
  "reached_horizon": true,
  "exploded": false,
  "extinct": false,
  "final_pop": 546,
  "mc_at_600": 0.4862210759271523,
  "mc_at_final": 0.4799739540633652,
  "events_hash": "b383c906289b943c65a81de2ac29dad4325a82a521fb2b9de5b37cdbf0e18781"
}