{
  "experiment": "exp203",
  "primary_seeds": [
    50,
    51,
    52,
    53,
    54,
    55,
    56,
    57
  ],
  "verdict": "MIXED / NO_VERDICT (a real but partial competitive gradient: see pairwise s)",
  "token": "MIXED",
  "gates": {
    "pw_015_won": "7/8",
    "pw_015_auc": 0.872,
    "pw_030_won": "6/8",
    "pw_045_won": "7/8",
    "clr_015_won": "6/8",
    "gift_real": false,
    "gift_B": -0.0016,
    "dB_dh_0.10": -0.0051,
    "r_on_slope_0.10": -0.00662,
    "resident_nonpositive": false,
    "mono_optima_low_all_eco": true,
    "h_star_N_FORAGE": 0.0,
    "collapse": false,
    "p1": true
  },
  "landscape": {
    "FORAGE": {
      "N": {
        "0.00": 1518.1770833333333,
        "0.03": 1518.1770833333333,
        "0.06": 959.6875,
        "0.10": 856.7708333333333,
        "0.15": 717.4583333333333,
        "0.20": 636.78125,
        "0.30": 478.4375,
        "0.45": 349.9375,
        "0.60": 279.03125
      },
      "R": {
        "0.00": 0.39444444444444443,
        "0.03": 0.39444444444444443,
        "0.06": 0.4935678950288124,
        "0.10": 0.42259215384908816,
        "0.15": 0.39557725694444446,
        "0.20": 0.39444444444444443,
        "0.30": 0.394679542824074,
        "0.45": 0.39562717013888893,
        "0.60": 0.3959353298611112
      },
      "h_star_N": 0.0,
      "h_star_R": 0.0
    },
    "COMPETE": {
      "N": {
        "0.00": 547.4583333333334,
        "0.03": 547.4583333333334,
        "0.06": 596.7708333333334,
        "0.10": 513.0,
        "0.15": 406.6875,
        "0.20": 340.8125,
        "0.30": 239.91666666666666,
        "0.45": 165.54166666666669,
        "0.60": 132.14583333333331
      },
      "R": {
        "0.00": 0.21347222222222226,
        "0.03": 0.21347222222222226,
        "0.06": 0.21347222222222226,
        "0.10": 0.21347222222222226,
        "0.15": 0.21347222222222226,
        "0.20": 0.21349826388888893,
        "0.30": 0.21397280092592594,
        "0.45": 0.2146281828703704,
        "0.60": 0.21580638488836193
      },
      "h_star_N": 0.06,
      "h_star_R": 0.0
    },
    "AVOID": {
      "N": {
        "0.00": 378.10416666666663,
        "0.03": 378.10416666666663,
        "0.06": 450.83333333333337,
        "0.10": 412.70833333333337,
        "0.15": 378.875,
        "0.20": 319.75,
        "0.30": 281.5833333333333,
        "0.45": 207.50000000000003,
        "0.60": 171.52083333333334
      },
      "R": {
        "0.00": 0.2114737042510008,
        "0.03": 0.2114737042510008,
        "0.06": 0.2468186793744309,
        "0.10": 0.31180867236248555,
        "0.15": 0.2572613437820894,
        "0.20": 0.2691482346335637,
        "0.30": 0.25002314814814813,
        "0.45": 0.33323595768424474,
        "0.60": 0.33005025138883576
      },
      "h_star_N": 0.06,
      "h_star_R": 0.0
    },
    "NULL": {
      "N": {
        "0.00": 763.9583333333333,
        "0.03": 763.9583333333333,
        "0.06": 681.8124999999999,
        "0.10": 546.0208333333334,
        "0.15": 491.9166666666667,
        "0.20": 392.75000000000006,
        "0.30": 301.5416666666667,
        "0.45": 211.16666666666669,
        "0.60": 159.70833333333331
      },
      "R": {
        "0.00": 0.20223668981481482,
        "0.03": 0.20223668981481482,
        "0.06": 0.20596300001600126,
        "0.10": 0.2111494657511479,
        "0.15": 0.21596287028295336,
        "0.20": 0.22781260489901836,
        "0.30": 0.2569035598818993,
        "0.45": 0.379420572192134,
        "0.60": 0.5453927453112929
      },
      "h_star_N": 0.0,
      "h_star_R": 0.0
    }
  },
  "pairwise": {
    "0.06": {
      "won_frac": 2,
      "n": 8,
      "auc_mean": 0.2500784771864311,
      "s_mean": 0.009834469290128276
    },
    "0.15": {
      "won_frac": 7,
      "n": 8,
      "auc_mean": 0.8718189069634311,
      "s_mean": 0.01035097625199469
    },
    "0.3": {
      "won_frac": 6,
      "n": 8,
      "auc_mean": 0.7485515232597058,
      "s_mean": 0.009647278572311927
    },
    "0.45": {
      "won_frac": 7,
      "n": 8,
      "auc_mean": 0.8753406792570404,
      "s_mean": -0.003557729777485157
    },
    "clr_0.15_won_frac": 6,
    "clr_0.15_auc_mean": 0.749300622998779
  },
  "benefit": {
    "B": {
      "0.00": 0.004802497002974161,
      "0.03": 0.004802497002974161,
      "0.06": 0.0037094724101840136,
      "0.10": 0.003767701466822773,
      "0.15": 0.003249272263161233,
      "0.20": 0.0032571906207768744,
      "0.30": 0.003675334166577058,
      "0.45": 0.00360056113469768,
      "0.60": 0.003213545019117789
    },
    "r_on": {
      "0.00": 0.004679328625293028,
      "0.03": 0.004679328625293028,
      "0.06": 0.0037536594134690063,
      "0.10": 0.0034579416103562763,
      "0.15": 0.003157557219335501,
      "0.20": 0.0031633966811448083,
      "0.30": 0.0025828165168036436,
      "0.45": 0.002420939431657964,
      "0.60": 0.0022633912611731383
    },
    "gift": -0.0015889519838563721,
    "dB_dh_at_0.10": -0.005113334966919785,
    "dB_dh_at_0.03": -0.018217076546502457,
    "dB_dh_at_0.20": 0.002840412689438833,
    "r_on_slope_at_0.10": -0.006623357712594507
  },
  "low_cost_h_star": 0.0,
  "clamped_lr_h_star": 0.0
}