{
  "experiment": "exp203",
  "primary_seeds": [
    50,
    51,
    52,
    53,
    54,
    55,
    56,
    57
  ],
  "verdict": "MIXED / NO_VERDICT (a real but partial competitive gradient: see pairwise s)",
  "token": "MIXED",
  "gates": {
    "pw_015_won": "3/8",
    "pw_015_auc": 0.525,
    "pw_030_won": "1/8",
    "pw_045_won": "3/8",
    "clr_015_won": "2/8",
    "gift_real": false,
    "resident_nonpositive": false,
    "mono_optima_low_all_eco": true,
    "h_star_N_FORAGE": 0.0,
    "collapse": false,
    "p1": true
  },
  "landscape": {
    "FORAGE": {
      "N": {
        "0.00": 1857.2604166666665,
        "0.03": 1857.2604166666665,
        "0.06": 1338.2395833333335,
        "0.10": 1095.84375,
        "0.15": 877.1979166666667,
        "0.20": 736.6770833333333,
        "0.30": 550.5520833333333,
        "0.45": 414.8958333333333,
        "0.60": 336.57291666666663
      },
      "R": {
        "0.00": 0.5020833333333333,
        "0.03": 0.5020833333333333,
        "0.06": 0.5020833333333333,
        "0.10": 0.5020833333333333,
        "0.15": 0.5020797164351851,
        "0.20": 0.5020833333333333,
        "0.30": 0.5020833333333333,
        "0.45": 0.5020905671296296,
        "0.60": 0.5028559027777777
      },
      "h_star_N": 0.0,
      "h_star_R": 0.15
    },
    "COMPETE": {
      "N": {
        "0.00": 547.4583333333334,
        "0.03": 547.4583333333334,
        "0.06": 596.7708333333334,
        "0.10": 513.0,
        "0.15": 406.6875,
        "0.20": 340.8125,
        "0.30": 239.91666666666666,
        "0.45": 165.54166666666669,
        "0.60": 132.14583333333331
      },
      "R": {
        "0.00": 0.21347222222222226,
        "0.03": 0.21347222222222226,
        "0.06": 0.21347222222222226,
        "0.10": 0.21347222222222226,
        "0.15": 0.21347222222222226,
        "0.20": 0.21349826388888893,
        "0.30": 0.21397280092592594,
        "0.45": 0.2146281828703704,
        "0.60": 0.21580638488836193
      },
      "h_star_N": 0.06,
      "h_star_R": 0.0
    },
    "AVOID": {
      "N": {
        "0.00": 378.10416666666663,
        "0.03": 378.10416666666663,
        "0.06": 450.83333333333337,
        "0.10": 412.70833333333337,
        "0.15": 378.875,
        "0.20": 319.75,
        "0.30": 281.5833333333333,
        "0.45": 207.50000000000003,
        "0.60": 171.52083333333334
      },
      "R": {
        "0.00": 0.2114737042510008,
        "0.03": 0.2114737042510008,
        "0.06": 0.2468186793744309,
        "0.10": 0.31180867236248555,
        "0.15": 0.2572613437820894,
        "0.20": 0.2691482346335637,
        "0.30": 0.25002314814814813,
        "0.45": 0.33323595768424474,
        "0.60": 0.33005025138883576
      },
      "h_star_N": 0.06,
      "h_star_R": 0.0
    },
    "NULL": {
      "N": {
        "0.00": 763.9583333333333,
        "0.03": 763.9583333333333,
        "0.06": 681.8124999999999,
        "0.10": 546.0208333333334,
        "0.15": 491.9166666666667,
        "0.20": 392.75000000000006,
        "0.30": 301.5416666666667,
        "0.45": 211.16666666666669,
        "0.60": 159.70833333333331
      },
      "R": {
        "0.00": 0.20223668981481482,
        "0.03": 0.20223668981481482,
        "0.06": 0.20596300001600126,
        "0.10": 0.2111494657511479,
        "0.15": 0.21596287028295336,
        "0.20": 0.22781260489901836,
        "0.30": 0.2569035598818993,
        "0.45": 0.379420572192134,
        "0.60": 0.5453927453112929
      },
      "h_star_N": 0.0,
      "h_star_R": 0.0
    }
  },
  "pairwise": {
    "0.06": {
      "won_frac": 4,
      "n": 8,
      "auc_mean": 0.4967144096602899,
      "s_mean": -0.0014645188380479116
    },
    "0.15": {
      "won_frac": 3,
      "n": 8,
      "auc_mean": 0.524926765167361,
      "s_mean": 0.0015282057300911125
    },
    "0.3": {
      "won_frac": 1,
      "n": 8,
      "auc_mean": 0.2982525748076847,
      "s_mean": -0.01205586776400704
    },
    "0.45": {
      "won_frac": 3,
      "n": 8,
      "auc_mean": 0.44795541849976894,
      "s_mean": 0.0020992891094553114
    },
    "clr_0.15_won_frac": 2,
    "clr_0.15_auc_mean": 0.3303050550736004
  },
  "benefit": {
    "B": {
      "0.00": 0.06066926104724,
      "0.03": 0.06066926104724,
      "0.06": 0.043910223571057456,
      "0.10": 0.04712937188764416,
      "0.15": 0.04308477936706112,
      "0.20": 0.04291106699317801,
      "0.30": 0.04297044129431991,
      "0.45": 0.041949851214414004,
      "0.60": 0.041429773600083486
    },
    "gift": -0.019239487447156513,
    "dB_dh_at_0.10": -0.009171602266625948,
    "dB_dh_at_0.03": -0.27931729126970906,
    "dB_dh_at_0.20": -0.0007622538182747626
  },
  "low_cost_h_star": 0.0,
  "clamped_lr_h_star": 0.0
}