{
  "experiment": "exp199",
  "arms": {
    "V1": [
      0.2,
      0.1
    ],
    "V2": [
      0.1,
      0.1
    ],
    "V3": [
      0.05,
      0.1
    ],
    "V4": [
      0.02,
      0.1
    ],
    "F": [
      0.02,
      0.5
    ]
  },
  "seeds": [
    18,
    19,
    20,
    21,
    22
  ],
  "per_arm_seed": {
    "V1": {
      "18": {
        "valid": true,
        "end_newborn_intensity": 0.05747389078387421,
        "final_pop": 50,
        "extinct": false,
        "max_ever_intensity": 0.4072014051754059,
        "steps_run": 12000,
        "events_hash": "ee3e3842c60578fd680f0ded43b8dc64090521e4014b95db711db4b5a8a73914"
      },
      "19": {
        "valid": true,
        "end_newborn_intensity": 0.06324802083017694,
        "final_pop": 50,
        "extinct": false,
        "max_ever_intensity": 0.3602515461171667,
        "steps_run": 12000,
        "events_hash": "7ddc876e47ce3dcf4ccbf07bafa68e5376b682dfb9d8805e1041ff2d3a5d5bef"
      },
      "20": {
        "valid": false,
        "end_newborn_intensity": NaN,
        "final_pop": 0,
        "extinct": true,
        "max_ever_intensity": 0.24158224388297986,
        "steps_run": 162,
        "events_hash": "181df72a3efa5ddbd7094e0fb9ca8a9456298ecae8efd19d40bf9910bc3c395e"
      },
      "21": {
        "valid": true,
        "end_newborn_intensity": 0.06040683138055584,
        "final_pop": 51,
        "extinct": false,
        "max_ever_intensity": 0.45571972050598064,
        "steps_run": 12000,
        "events_hash": "8e152f4f5107e27c187e6b6063c51f48ea9a81c30736cf1c42b0ade2709381c6"
      },
      "22": {
        "valid": true,
        "end_newborn_intensity": 0.066543499992862,
        "final_pop": 50,
        "extinct": false,
        "max_ever_intensity": 0.43052581438335374,
        "steps_run": 12000,
        "events_hash": "38bc3d0dde09616f73807f9a1590ba28bcefcb501b0f41e2bf57160d57644562"
      }
    },
    "V2": {
      "18": {
        "valid": true,
        "end_newborn_intensity": 0.06748985288119785,
        "final_pop": 57,
        "extinct": false,
        "max_ever_intensity": 0.3778598135851251,
        "steps_run": 12000,
        "events_hash": "e5610fcb17661236b90cbf6df7070955c6f1c8a8a0f89110574c8c0be151b1d7"
      },
      "19": {
        "valid": true,
        "end_newborn_intensity": 0.043982888710054874,
        "final_pop": 58,
        "extinct": false,
        "max_ever_intensity": 0.39479175049581094,
        "steps_run": 12000,
        "events_hash": "f061d5bb0d34090f4c139d408923dd8f50599bcc2786f99f5c1b9860b9aee765"
      },
      "20": {
        "valid": true,
        "end_newborn_intensity": 0.0643288240925991,
        "final_pop": 56,
        "extinct": false,
        "max_ever_intensity": 0.4273458644875896,
        "steps_run": 12000,
        "events_hash": "5c27767253e6a9bdc8bfc76116671371226d1b53f576465b35fb47aea072f296"
      },
      "21": {
        "valid": true,
        "end_newborn_intensity": 0.05391611354842715,
        "final_pop": 60,
        "extinct": false,
        "max_ever_intensity": 0.4422838332807996,
        "steps_run": 12000,
        "events_hash": "4e8fcde62f5ca70a2179e664e0d741d4d5939abc426e3ab04d2484ec27e0dc76"
      },
      "22": {
        "valid": true,
        "end_newborn_intensity": 0.0495468037730568,
        "final_pop": 61,
        "extinct": false,
        "max_ever_intensity": 0.39377023661141564,
        "steps_run": 12000,
        "events_hash": "3ea2ec4784e07a25e332ac6fbf1d3b700068c0e1e41237fac1682ca470c4d75f"
      }
    },
    "V3": {
      "18": {
        "valid": true,
        "end_newborn_intensity": 0.04787144966091098,
        "final_pop": 58,
        "extinct": false,
        "max_ever_intensity": 0.44866660057396907,
        "steps_run": 12000,
        "events_hash": "d22d4fb4850fecf33e4a1cdd4ffb792cd63f6bde1f2786f12d20d301702f3c4e"
      },
      "19": {
        "valid": true,
        "end_newborn_intensity": 0.06170248562162581,
        "final_pop": 51,
        "extinct": false,
        "max_ever_intensity": 0.543673767398395,
        "steps_run": 12000,
        "events_hash": "e39a123f7d2d50d412d0b3ab504600a89c351f613532c854321380fd98dfb588"
      },
      "20": {
        "valid": true,
        "end_newborn_intensity": 0.04687162083630922,
        "final_pop": 59,
        "extinct": false,
        "max_ever_intensity": 0.33620207715050227,
        "steps_run": 12000,
        "events_hash": "072c6034105f886b990e55a56f1921acb0948bd2565fad2bd86eae2e2035e9ba"
      },
      "21": {
        "valid": false,
        "end_newborn_intensity": NaN,
        "final_pop": 0,
        "extinct": true,
        "max_ever_intensity": 0.26518186365318525,
        "steps_run": 182,
        "events_hash": "d690c5caf7126930509d8ca6bb913907352735a2748a17f6fd76e2be8142e99e"
      },
      "22": {
        "valid": true,
        "end_newborn_intensity": 0.04559211579562711,
        "final_pop": 62,
        "extinct": false,
        "max_ever_intensity": 0.3626410216743732,
        "steps_run": 12000,
        "events_hash": "017d817db1adf8fe4a3484e9f1bc8efbbc3f24d28950cebaed86747af4461d1a"
      }
    },
    "V4": {
      "18": {
        "valid": true,
        "end_newborn_intensity": 0.05548578427728858,
        "final_pop": 56,
        "extinct": false,
        "max_ever_intensity": 0.38175819973266556,
        "steps_run": 12000,
        "events_hash": "02129976c8b470f9b09617f2eb57fe4121f0cc09cf71de0e612afd66bb245ef7"
      },
      "19": {
        "valid": true,
        "end_newborn_intensity": 0.06154846155289675,
        "final_pop": 56,
        "extinct": false,
        "max_ever_intensity": 0.3738062883678889,
        "steps_run": 12000,
        "events_hash": "3edfd851de7556882fe851f77a4193f166d729c653cb716af71b6416ddd34fbe"
      },
      "20": {
        "valid": true,
        "end_newborn_intensity": 0.048410820872230774,
        "final_pop": 58,
        "extinct": false,
        "max_ever_intensity": 0.4046951391086323,
        "steps_run": 12000,
        "events_hash": "2dd6f8d4a21ac07e4c9a720eb1670436b6be683621cc9ffcc8bd8efd9d3646a4"
      },
      "21": {
        "valid": true,
        "end_newborn_intensity": 0.06284708192372022,
        "final_pop": 52,
        "extinct": false,
        "max_ever_intensity": 0.3942365246504234,
        "steps_run": 12000,
        "events_hash": "945cf1478dfa5e0637e6b65d3790fe3e6b0858bcf5d3c2babb8aa58a2a3dec72"
      },
      "22": {
        "valid": true,
        "end_newborn_intensity": 0.0506675906016204,
        "final_pop": 58,
        "extinct": false,
        "max_ever_intensity": 0.35758866756081087,
        "steps_run": 12000,
        "events_hash": "9f0d368f557be2986475022eecfd9b5c3565d4b023b867b37df85272c36732ae"
      }
    },
    "F": {
      "18": {
        "valid": true,
        "end_newborn_intensity": 0.08451688332728917,
        "final_pop": 50,
        "extinct": false,
        "max_ever_intensity": 0.8814770653837717,
        "steps_run": 12000,
        "events_hash": "98e50e71cbe7982d9602498d92683e6f6d326fc3b3f25514a34012747077b092"
      },
      "19": {
        "valid": false,
        "end_newborn_intensity": NaN,
        "final_pop": 0,
        "extinct": true,
        "max_ever_intensity": 0.6224226414150913,
        "steps_run": 36,
        "events_hash": "29ec8c0071081049dd07e1bfc664a2bbaa4eba799ebde8ec8d3e4b31df2224fe"
      },
      "20": {
        "valid": false,
        "end_newborn_intensity": NaN,
        "final_pop": 0,
        "extinct": true,
        "max_ever_intensity": 0.6161886010031266,
        "steps_run": 37,
        "events_hash": "fa513548ce71ff1c0a1e3f18386e236b01aa8d306d145f16be864544e64b4e80"
      },
      "21": {
        "valid": true,
        "end_newborn_intensity": 0.056206924211958637,
        "final_pop": 56,
        "extinct": false,
        "max_ever_intensity": 0.6283316431253408,
        "steps_run": 12000,
        "events_hash": "e8530d6ec87ce84eb00aa0316cf7390a199d53560b52ffe0e6813a1c7a0a4e8c"
      },